PG,SG,SF,PF,C,G,F,UTIL,,Position,Name + ID, Name, ID, Salary,GameInfo,TeamAbbrev 
,,,,,,,,,PG,Russell Westbrook (6161833),Russell Westbrook,6161833,11300,OKC@Pho 09:00PM ET,OKC,
,,,,,,,,,PF,DeMarcus Cousins (6162097),DeMarcus Cousins,6162097,11200,Sac@Cle 07:00PM ET,Sac,
,,,,,,,,,SF,Kevin Durant (6162037),Kevin Durant,6162037,10700,OKC@Pho 09:00PM ET,OKC,
,,,,,,,,,PF,Anthony Davis (6162094),Anthony Davis,6162094,10000,NO@Min 08:00PM ET,NO,
,,,,,,,,,SF,LeBron James (6161998),LeBron James,6161998,9800,Sac@Cle 07:00PM ET,Cle,
,,,,,,,,,PG,Chris Paul (6161818),Chris Paul,6161818,9500,LAC@Phi 07:00PM ET,LAC,
,,,,,,,,,PG,Damian Lillard (6161806),Damian Lillard,6161806,9000,Por@Mem 08:00PM ET,Por,
,,,,,,,,,C,Pau Gasol (6162223),Pau Gasol,6162223,8700,Chi@Cha 07:00PM ET,Chi,
,,,,,,,,,PG,Kyle Lowry (6161825),Kyle Lowry,6161825,8700,Tor@Det 07:30PM ET,Tor,
,,,,,,,,,PF,Blake Griffin (6162122),Blake Griffin,6162122,8600,LAC@Phi 07:00PM ET,LAC,
,,,,,,,,,SG,Jimmy Butler (6161940),Jimmy Butler,6161940,8600,Chi@Cha 07:00PM ET,Chi,
,,,,,,,,,SF,Paul George (6162016),Paul George,6162016,8500,LAL@Ind 07:00PM ET,Ind,
,,,,,,,,,SG,Eric Bledsoe (6161933),Eric Bledsoe,6161933,8300,OKC@Pho 09:00PM ET,Pho,
,,,,,,,,,C,Andre Drummond (6162216),Andre Drummond,6162216,8200,Tor@Det 07:30PM ET,Det,
,,,,,,,,,C,Karl-Anthony Towns (6162185),Karl-Anthony Towns,6162185,8200,NO@Min 08:00PM ET,Min,
,,,,,,,,,PG,Kemba Walker (6161841),Kemba Walker,6161841,8100,Chi@Cha 07:00PM ET,Cha,
,,,,,,,,,PG,Rajon Rondo (6161799),Rajon Rondo,6161799,8000,Sac@Cle 07:00PM ET,Sac,
,,,,,,,,,SG,DeMar DeRozan (6161926),DeMar DeRozan,6161926,8000,Tor@Det 07:30PM ET,Tor,
,,,,,,,,,PF,Paul Millsap (6162141),Paul Millsap,6162141,7900,Orl@Atl 08:00PM ET,Atl,
,,,,,,,,,C,DeAndre Jordan (6162209),DeAndre Jordan,6162209,7900,LAC@Phi 07:00PM ET,LAC,
,,,,,,,,,C,Brook Lopez (6162197),Brook Lopez,6162197,7800,Den@Bkn 07:30PM ET,Bkn,
,,,,,,,,,PF,Kevin Love (6162095),Kevin Love,6162095,7700,Sac@Cle 07:00PM ET,Cle,
,,,,,,,,,C,Nikola Vucevic (6162232),Nikola Vucevic,6162232,7400,Orl@Atl 08:00PM ET,Orl,
,,,,,,,,,C,Marc Gasol (6162193),Marc Gasol,6162193,7300,Por@Mem 08:00PM ET,Mem,
,,,,,,,,,PG,Kyrie Irving (6161803),Kyrie Irving,6161803,7200,Sac@Cle 07:00PM ET,Cle,
,,,,,,,,,PG,Brandon Knight (6161834),Brandon Knight,6161834,7200,OKC@Pho 09:00PM ET,Pho,
,,,,,,,,,PG,Ish Smith (6161819),Ish Smith,6161819,7100,LAC@Phi 07:00PM ET,Phi,
,,,,,,,,,SG,C.J. McCollum (6161902),C.J. McCollum,6161902,7100,Por@Mem 08:00PM ET,Por,
,,,,,,,,,PG,Derrick Rose (6161840),Derrick Rose,6161840,7000,Chi@Cha 07:00PM ET,Chi,
,,,,,,,,,SF,Danilo Gallinari (6162011),Danilo Gallinari,6162011,7000,Den@Bkn 07:30PM ET,Den,
,,,,,,,,,PG,Jrue Holiday (6161794),Jrue Holiday,6161794,6900,NO@Min 08:00PM ET,NO,
,,,,,,,,,SG,Victor Oladipo (6161946),Victor Oladipo,6161946,6900,Orl@Atl 08:00PM ET,Orl,
,,,,,,,,,SF,Rudy Gay (6161999),Rudy Gay,6161999,6800,Sac@Cle 07:00PM ET,Sac,
,,,,,,,,,SG,Tyreke Evans (6161889),Tyreke Evans,6161889,6800,NO@Min 08:00PM ET,NO,
,,,,,,,,,PF,Thaddeus Young (6162107),Thaddeus Young,6162107,6700,Den@Bkn 07:30PM ET,Bkn,
,,,,,,,,,SF,Nicolas Batum (6162044),Nicolas Batum,6162044,6700,Chi@Cha 07:00PM ET,Cha,
,,,,,,,,,C,Al Horford (6162230),Al Horford,6162230,6600,Orl@Atl 08:00PM ET,Atl,
,,,,,,,,,PG,Reggie Jackson (6161826),Reggie Jackson,6161826,6600,Tor@Det 07:30PM ET,Det,
,,,,,,,,,SG,Monta Ellis (6161916),Monta Ellis,6161916,6500,LAL@Ind 07:00PM ET,Ind,
,,,,,,,,,C,Gorgui Dieng (6162184),Gorgui Dieng,6162184,6500,NO@Min 08:00PM ET,Min,
,,,,,,,,,PF,Nerlens Noel (6162124),Nerlens Noel,6162124,6500,LAC@Phi 07:00PM ET,Phi,
,,,,,,,,,SG,Andrew Wiggins (6161891),Andrew Wiggins,6161891,6500,NO@Min 08:00PM ET,Min,
,,,,,,,,,C,Nikola Jokic (6162200),Nikola Jokic,6162200,6500,Den@Bkn 07:30PM ET,Den,
,,,,,,,,,PF,Julius Randle (6162118),Julius Randle,6162118,6400,LAL@Ind 07:00PM ET,LAL,
,,,,,,,,,PG,Jarrett Jack (6161810),Jarrett Jack,6161810,6300,Den@Bkn 07:30PM ET,Bkn,
,,,,,,,,,PG,Ricky Rubio (6161795),Ricky Rubio,6161795,6300,NO@Min 08:00PM ET,Min,
,,,,,,,,,C,Jahlil Okafor (6162212),Jahlil Okafor,6162212,6300,LAC@Phi 07:00PM ET,Phi,
,,,,,,,,,C,Myles Turner (6162207),Myles Turner,6162207,6300,LAL@Ind 07:00PM ET,Ind,
,,,,,,,,,PF,Markieff Morris (6162132),Markieff Morris,6162132,6200,OKC@Pho 09:00PM ET,Pho,
,,,,,,,,,SG,Kobe Bryant (6161913),Kobe Bryant,6161913,6100,LAL@Ind 07:00PM ET,LAL,
,,,,,,,,,PG,Mike Conley (6161805),Mike Conley,6161805,6100,Por@Mem 08:00PM ET,Mem,
,,,,,,,,,PF,Zach Randolph (6162100),Zach Randolph,6162100,6000,Por@Mem 08:00PM ET,Mem,
,,,,,,,,,PG,Jeff Teague (6161845),Jeff Teague,6161845,6000,Orl@Atl 08:00PM ET,Atl,
,,,,,,,,,SF,Robert Covington (6162024),Robert Covington,6162024,6000,LAC@Phi 07:00PM ET,Phi,
,,,,,,,,,C,Jonas Valanciunas (6162214),Jonas Valanciunas,6162214,6000,Tor@Det 07:30PM ET,Tor,
,,,,,,,,,SG,Devin Booker (6161938),Devin Booker,6161938,6000,OKC@Pho 09:00PM ET,Pho,
,,,,,,,,,PF,Ryan Anderson (6162091),Ryan Anderson,6162091,5900,NO@Min 08:00PM ET,NO,
,,,,,,,,,PG,Norris Cole (6161793),Norris Cole,6161793,5900,NO@Min 08:00PM ET,NO,
,,,,,,,,,SG,Archie Goodwin (6161937),Archie Goodwin,6161937,5900,OKC@Pho 09:00PM ET,Pho,
,,,,,,,,,SF,Stanley Johnson (6162034),Stanley Johnson,6162034,5900,Tor@Det 07:30PM ET,Det,
,,,,,,,,,PF,Taj Gibson (6162136),Taj Gibson,6162136,5800,Chi@Cha 07:00PM ET,Chi,
,,,,,,,,,PG,George Hill (6161814),George Hill,6161814,5700,LAL@Ind 07:00PM ET,Ind,
,,,,,,,,,PF,Kenneth Faried (6162110),Kenneth Faried,6162110,5700,Den@Bkn 07:30PM ET,Den,
,,,,,,,,,SG,Will Barton (6161908),Will Barton,6161908,5700,Den@Bkn 07:30PM ET,Den,
,,,,,,,,,C,Al Jefferson (6162224),Al Jefferson,6162224,5600,Chi@Cha 07:00PM ET,Cha,
,,,,,,,,,PF,Jordan Hill (6162115),Jordan Hill,6162115,5600,LAL@Ind 07:00PM ET,Ind,
,,,,,,,,,PF,Serge Ibaka (6162131),Serge Ibaka,6162131,5600,OKC@Pho 09:00PM ET,OKC,
,,,,,,,,,SF,Tobias Harris (6162051),Tobias Harris,6162051,5600,Orl@Atl 08:00PM ET,Orl,
,,,,,,,,,SG,Kentavious Caldwell-Pope (6161929),Kentavious Caldwell-Pope,6161929,5600,Tor@Det 07:30PM ET,Det,
,,,,,,,,,PG,Emmanuel Mudiay (6161813),Emmanuel Mudiay,6161813,5600,Den@Bkn 07:30PM ET,Den,
,,,,,,,,,SG,J.R. Smith (6161893),J.R. Smith,6161893,5500,Sac@Cle 07:00PM ET,Cle,
,,,,,,,,,PF,Marvin Williams (6162134),Marvin Williams,6162134,5500,Chi@Cha 07:00PM ET,Cha,
,,,,,,,,,SF,Jeff Green (6162004),Jeff Green,6162004,5500,Por@Mem 08:00PM ET,Mem,
,,,,,,,,,SF,Wilson Chandler (6162010),Wilson Chandler,6162010,5500,Den@Bkn 07:30PM ET,Den,
,,,,,,,,,PF,Aaron Gordon (6162145),Aaron Gordon,6162145,5500,Orl@Atl 08:00PM ET,Orl,
,,,,,,,,,SF,Joe Johnson (6162009),Joe Johnson,6162009,5400,Den@Bkn 07:30PM ET,Bkn,
,,,,,,,,,C,Joakim Noah (6162225),Joakim Noah,6162225,5400,Chi@Cha 07:00PM ET,Chi,
,,,,,,,,,SF,Michael Kidd-Gilchrist (6162047),Michael Kidd-Gilchrist,6162047,5400,Chi@Cha 07:00PM ET,Cha,
,,,,,,,,,SF,P.J. Tucker (6162036),P.J. Tucker,6162036,5300,OKC@Pho 09:00PM ET,Pho,
,,,,,,,,,SG,Lou Williams (6161917),Lou Williams,6161917,5300,LAL@Ind 07:00PM ET,LAL,
,,,,,,,,,SF,Omri Casspi (6162000),Omri Casspi,6162000,5300,Sac@Cle 07:00PM ET,Sac,
,,,,,,,,,PG,Jordan Clarkson (6161815),Jordan Clarkson,6161815,5300,LAL@Ind 07:00PM ET,LAL,
,,,,,,,,,PG,Jeremy Lin (6161839),Jeremy Lin,6161839,5200,Chi@Cha 07:00PM ET,Cha,
,,,,,,,,,SF,Kent Bazemore (6162050),Kent Bazemore,6162050,5200,Orl@Atl 08:00PM ET,Atl,
,,,,,,,,,SF,Al-Farouq Aminu (6162005),Al-Farouq Aminu,6162005,5200,Por@Mem 08:00PM ET,Por,
,,,,,,,,,SF,Marcus Morris (6162030),Marcus Morris,6162030,5200,Tor@Det 07:30PM ET,Det,
,,,,,,,,,PF,Tristan Thompson (6162098),Tristan Thompson,6162098,5200,Sac@Cle 07:00PM ET,Cle,
,,,,,,,,,PG,Zach LaVine (6161796),Zach LaVine,6161796,5200,NO@Min 08:00PM ET,Min,
,,,,,,,,,C,Mason Plumlee (6162194),Mason Plumlee,6162194,5100,Por@Mem 08:00PM ET,Por,
,,,,,,,,,C,Willie Cauley-Stein (6162190),Willie Cauley-Stein,6162190,5100,Sac@Cle 07:00PM ET,Sac,
,,,,,,,,,PF,Ersan Ilyasova (6162128),Ersan Ilyasova,6162128,5000,Tor@Det 07:30PM ET,Det,
,,,,,,,,,PF,Nikola Mirotic (6162138),Nikola Mirotic,6162138,5000,Chi@Cha 07:00PM ET,Chi,
,,,,,,,,,PG,Elfrid Payton (6161849),Elfrid Payton,6161849,5000,Orl@Atl 08:00PM ET,Orl,
,,,,,,,,,PG,Dennis Schroder (6161850),Dennis Schroder,6161850,5000,Orl@Atl 08:00PM ET,Atl,
,,,,,,,,,SG,Jamal Crawford (6161919),Jamal Crawford,6161919,4900,LAC@Phi 07:00PM ET,LAC,
,,,,,,,,,SF,Matt Barnes (6162002),Matt Barnes,6162002,4900,Por@Mem 08:00PM ET,Mem,
,,,,,,,,,SG,J.J. Redick (6161920),J.J. Redick,6161920,4900,LAC@Phi 07:00PM ET,LAC,
,,,,,,,,,SG,E'Twaun Moore (6161939),E'Twaun Moore,6161939,4900,Chi@Cha 07:00PM ET,Chi,
,,,,,,,,,C,Enes Kanter (6162220),Enes Kanter,6162220,4900,OKC@Pho 09:00PM ET,OKC,
,,,,,,,,,C,Cody Zeller (6162227),Cody Zeller,6162227,4900,Chi@Cha 07:00PM ET,Cha,
,,,,,,,,,SF,DeMarre Carroll (6162028),DeMarre Carroll,6162028,4800,Tor@Det 07:30PM ET,Tor,
,,,,,,,,,PG,Darren Collison (6161800),Darren Collison,6161800,4800,Sac@Cle 07:00PM ET,Sac,
,,,,,,,,,C,Tyson Chandler (6162218),Tyson Chandler,6162218,4700,OKC@Pho 09:00PM ET,Pho,
,,,,,,,,,C,Ian Mahinmi (6162202),Ian Mahinmi,6162202,4700,LAL@Ind 07:00PM ET,Ind,
,,,,,,,,,SG,Marco Belinelli (6161894),Marco Belinelli,6161894,4600,Sac@Cle 07:00PM ET,Sac,
,,,,,,,,,SG,Eric Gordon (6161888),Eric Gordon,6161888,4600,NO@Min 08:00PM ET,NO,
,,,,,,,,,SG,Rondae Hollis-Jefferson (6161912),Rondae Hollis-Jefferson,6161912,4600,Den@Bkn 07:30PM ET,Bkn,
,,,,,,,,,PG,D'Angelo Russell (6161817),D'Angelo Russell,6161817,4600,LAL@Ind 07:00PM ET,LAL,
,,,,,,,,,C,Spencer Hawes (6162226),Spencer Hawes,6162226,4500,Chi@Cha 07:00PM ET,Cha,
,,,,,,,,,SG,Bryce Dejean-Jones (6161890),Bryce Dejean-Jones,6161890,4500,NO@Min 08:00PM ET,NO,
,,,,,,,,,SG,Dion Waiters (6161935),Dion Waiters,6161935,4500,OKC@Pho 09:00PM ET,OKC,
,,,,,,,,,SG,Evan Fournier (6161947),Evan Fournier,6161947,4500,Orl@Atl 08:00PM ET,Orl,
,,,,,,,,,SF,Jerami Grant (6162027),Jerami Grant,6162027,4500,LAC@Phi 07:00PM ET,Phi,
,,,,,,,,,SF,Tony Allen (6162003),Tony Allen,6162003,4400,Por@Mem 08:00PM ET,Mem,
,,,,,,,,,PG,Mario Chalmers (6161804),Mario Chalmers,6161804,4400,Por@Mem 08:00PM ET,Mem,
,,,,,,,,,SG,Wayne Ellington (6161907),Wayne Ellington,6161907,4400,Den@Bkn 07:30PM ET,Bkn,
,,,,,,,,,PG,Donald Sloan (6161811),Donald Sloan,6161811,4400,Den@Bkn 07:30PM ET,Bkn,
,,,,,,,,,PF,Larry Nance Jr. (6162116),Larry Nance Jr.,6162116,4400,LAL@Ind 07:00PM ET,LAL,
,,,,,,,,,C,Alex Len (6162221),Alex Len,6162221,4400,OKC@Pho 09:00PM ET,Pho,
,,,,,,,,,SG,Gary Harris (6161911),Gary Harris,6161911,4400,Den@Bkn 07:30PM ET,Den,
,,,,,,,,,SF,Wesley Johnson (6162022),Wesley Johnson,6162022,4300,LAC@Phi 07:00PM ET,LAC,
,,,,,,,,,PG,Isaiah Canaan (6161820),Isaiah Canaan,6161820,4300,LAC@Phi 07:00PM ET,Phi,
,,,,,,,,,PG,Cory Joseph (6161828),Cory Joseph,6161828,4300,Tor@Det 07:30PM ET,Tor,
,,,,,,,,,C,Steven Adams (6162222),Steven Adams,6162222,4300,OKC@Pho 09:00PM ET,OKC,
,,,,,,,,,PF,Bobby Portis (6162139),Bobby Portis,6162139,4300,Chi@Cha 07:00PM ET,Chi,
,,,,,,,,,SF,C.J. Miles (6162014),C.J. Miles,6162014,4200,LAL@Ind 07:00PM ET,Ind,
,,,,,,,,,PF,Ed Davis (6162103),Ed Davis,6162103,4200,Por@Mem 08:00PM ET,Por,
,,,,,,,,,SG,Terrence Ross (6161927),Terrence Ross,6161927,4200,Tor@Det 07:30PM ET,Tor,
,,,,,,,,,C,Meyers Leonard (6162195),Meyers Leonard,6162195,4200,Por@Mem 08:00PM ET,Por,
,,,,,,,,,SG,Jeremy Lamb (6161941),Jeremy Lamb,6161941,4200,Chi@Cha 07:00PM ET,Cha,
,,,,,,,,,SG,Kyle Korver (6161942),Kyle Korver,6161942,4100,Orl@Atl 08:00PM ET,Atl,
,,,,,,,,,SG,Courtney Lee (6161900),Courtney Lee,6161900,4100,Por@Mem 08:00PM ET,Mem,
,,,,,,,,,SG,Allen Crabbe (6161903),Allen Crabbe,6161903,4100,Por@Mem 08:00PM ET,Por,
,,,,,,,,,PG,T.J. McConnell (6161821),T.J. McConnell,6161821,4100,LAC@Phi 07:00PM ET,Phi,
,,,,,,,,,PG,Jameer Nelson (6161808),Jameer Nelson,6161808,4000,Den@Bkn 07:30PM ET,Den,
,,,,,,,,,PF,Luis Scola (6162125),Luis Scola,6162125,4000,Tor@Det 07:30PM ET,Tor,
,,,,,,,,,SG,Rodney Stuckey (6161915),Rodney Stuckey,6161915,4000,LAL@Ind 07:00PM ET,Ind,
,,,,,,,,,SG,Gerald Henderson (6161901),Gerald Henderson,6161901,4000,Por@Mem 08:00PM ET,Por,
,,,,,,,,,PG,Matthew Dellavedova (6161802),Matthew Dellavedova,6161802,4000,Sac@Cle 07:00PM ET,Cle,
,,,,,,,,,SF,Mirza Teletovic (6162041),Mirza Teletovic,6162041,4000,OKC@Pho 09:00PM ET,Pho,
,,,,,,,,,SF,T.J. Warren (6162042),T.J. Warren,6162042,4000,OKC@Pho 09:00PM ET,Pho,
,,,,,,,,,SF,Shabazz Muhammad (6161994),Shabazz Muhammad,6161994,4000,NO@Min 08:00PM ET,Min,
,,,,,,,,,SF,Thabo Sefolosha (6162049),Thabo Sefolosha,6162049,3900,Orl@Atl 08:00PM ET,Atl,
,,,,,,,,,PF,Darrell Arthur (6162108),Darrell Arthur,6162108,3900,Den@Bkn 07:30PM ET,Den,
,,,,,,,,,PF,Jon Leuer (6162130),Jon Leuer,6162130,3900,OKC@Pho 09:00PM ET,Pho,
,,,,,,,,,PF,Patrick Patterson (6162129),Patrick Patterson,6162129,3900,Tor@Det 07:30PM ET,Tor,
,,,,,,,,,C,Lavoy Allen (6162204),Lavoy Allen,6162204,3900,LAL@Ind 07:00PM ET,Ind,
,,,,,,,,,PG,Brandon Jennings (6161827),Brandon Jennings,6161827,3900,Tor@Det 07:30PM ET,Det,
,,,,,,,,,C,Bismack Biyombo (6162215),Bismack Biyombo,6162215,3900,Tor@Det 07:30PM ET,Tor,
,,,,,,,,,C,Frank Kaminsky (6162228),Frank Kaminsky,6162228,3900,Chi@Cha 07:00PM ET,Cha,
,,,,,,,,,PG,Shane Larkin (6161812),Shane Larkin,6161812,3900,Den@Bkn 07:30PM ET,Bkn,
,,,,,,,,,SG,Nik Stauskas (6161924),Nik Stauskas,6161924,3900,LAC@Phi 07:00PM ET,Phi,
,,,,,,,,,PF,Brandon Bass (6162114),Brandon Bass,6162114,3800,LAL@Ind 07:00PM ET,LAL,
,,,,,,,,,C,Cole Aldrich (6162210),Cole Aldrich,6162210,3700,LAC@Phi 07:00PM ET,LAC,
,,,,,,,,,SG,Hollis Thompson (6161922),Hollis Thompson,6161922,3700,LAC@Phi 07:00PM ET,Phi,
,,,,,,,,,SF,Paul Pierce (6162021),Paul Pierce,6162021,3600,LAC@Phi 07:00PM ET,LAC,
,,,,,,,,,C,Roy Hibbert (6162201),Roy Hibbert,6162201,3600,LAL@Ind 07:00PM ET,LAL,
,,,,,,,,,C,Omer Asik (6162183),Omer Asik,6162183,3600,NO@Min 08:00PM ET,NO,
,,,,,,,,,C,Timofey Mozgov (6162189),Timofey Mozgov,6162189,3600,Sac@Cle 07:00PM ET,Cle,
,,,,,,,,,SG,Bojan Bogdanovic (6161910),Bojan Bogdanovic,6161910,3600,Den@Bkn 07:30PM ET,Bkn,
,,,,,,,,,SF,P.J. Hairston (6162048),P.J. Hairston,6162048,3600,Chi@Cha 07:00PM ET,Cha,
,,,,,,,,,PG,Cameron Payne (6161835),Cameron Payne,6161835,3600,OKC@Pho 09:00PM ET,OKC,
,,,,,,,,,PG,Kirk Hinrich (6161836),Kirk Hinrich,6161836,3500,Chi@Cha 07:00PM ET,Chi,
,,,,,,,,,PG,Aaron Brooks (6161837),Aaron Brooks,6161837,3500,Chi@Cha 07:00PM ET,Chi,
,,,,,,,,,SF,Alonzo Gee (6161991),Alonzo Gee,6161991,3500,NO@Min 08:00PM ET,NO,
,,,,,,,,,SF,James Johnson (6162029),James Johnson,6162029,3500,Tor@Det 07:30PM ET,Tor,
,,,,,,,,,C,Kosta Koufos (6162188),Kosta Koufos,6162188,3500,Sac@Cle 07:00PM ET,Sac,
,,,,,,,,,SG,Iman Shumpert (6161896),Iman Shumpert,6161896,3500,Sac@Cle 07:00PM ET,Cle,
,,,,,,,,,SF,Maurice Harkless (6162007),Maurice Harkless,6162007,3500,Por@Mem 08:00PM ET,Por,
,,,,,,,,,SF,Tony Snell (6162045),Tony Snell,6162045,3400,Chi@Cha 07:00PM ET,Chi,
,,,,,,,,,SG,Ben McLemore (6161898),Ben McLemore,6161898,3400,Sac@Cle 07:00PM ET,Sac,
,,,,,,,,,SG,Mario Hezonja (6161948),Mario Hezonja,6161948,3400,Orl@Atl 08:00PM ET,Orl,
,,,,,,,,,SG,Kevin Martin (6161887),Kevin Martin,6161887,3300,NO@Min 08:00PM ET,Min,
,,,,,,,,,C,Anderson Varejao (6162186),Anderson Varejao,6162186,3300,Sac@Cle 07:00PM ET,Cle,
,,,,,,,,,C,Aron Baynes (6162213),Aron Baynes,6162213,3300,Tor@Det 07:30PM ET,Det,
,,,,,,,,,SF,Doug McDermott (6162046),Doug McDermott,6162046,3300,Chi@Cha 07:00PM ET,Chi,
,,,,,,,,,PF,Noah Vonleh (6162105),Noah Vonleh,6162105,3300,Por@Mem 08:00PM ET,Por,
,,,,,,,,,C,Jusuf Nurkic (6162199),Jusuf Nurkic,6162199,3300,Den@Bkn 07:30PM ET,Den,
,,,,,,,,,PG,Mo Williams (6161798),Mo Williams,6161798,3200,Sac@Cle 07:00PM ET,Cle,
,,,,,,,,,PG,Randy Foye (6161809),Randy Foye,6161809,3200,Den@Bkn 07:30PM ET,Den,
,,,,,,,,,PF,Anthony Tolliver (6162126),Anthony Tolliver,6162126,3200,Tor@Det 07:30PM ET,Det,
,,,,,,,,,PG,Brian Roberts (6161838),Brian Roberts,6161838,3200,Chi@Cha 07:00PM ET,Cha,
,,,,,,,,,SF,Dante Cunningham (6161990),Dante Cunningham,6161990,3200,NO@Min 08:00PM ET,NO,
,,,,,,,,,PF,Mike Scott (6162143),Mike Scott,6162143,3200,Orl@Atl 08:00PM ET,Atl,
,,,,,,,,,SF,Lance Stephenson (6162023),Lance Stephenson,6162023,3200,LAC@Phi 07:00PM ET,LAC,
,,,,,,,,,PF,Nemanja Bjelica (6162092),Nemanja Bjelica,6162092,3200,NO@Min 08:00PM ET,Min,
,,,,,,,,,C,Tarik Black (6162206),Tarik Black,6162206,3200,LAL@Ind 07:00PM ET,LAL,
,,,,,,,,,C,Nick Collison (6162219),Nick Collison,6162219,3100,OKC@Pho 09:00PM ET,OKC,
,,,,,,,,,SF,Tayshaun Prince (6161989),Tayshaun Prince,6161989,3100,NO@Min 08:00PM ET,Min,
,,,,,,,,,PG,Toney Douglas (6161792),Toney Douglas,6161792,3100,NO@Min 08:00PM ET,NO,
,,,,,,,,,SG,Nick Young (6161914),Nick Young,6161914,3100,LAL@Ind 07:00PM ET,LAL,
,,,,,,,,,C,Andrea Bargnani (6162196),Andrea Bargnani,6162196,3100,Den@Bkn 07:30PM ET,Bkn,
,,,,,,,,,SF,Kyle Singler (6162038),Kyle Singler,6162038,3100,OKC@Pho 09:00PM ET,OKC,
,,,,,,,,,C,Alexis Ajinca (6162181),Alexis Ajinca,6162181,3100,NO@Min 08:00PM ET,NO,
,,,,,,,,,C,Nikola Pekovic (6162182),Nikola Pekovic,6162182,3100,NO@Min 08:00PM ET,Min,
,,,,,,,,,SF,Solomon Hill (6162017),Solomon Hill,6162017,3100,LAL@Ind 07:00PM ET,Ind,
,,,,,,,,,SF,Ryan Kelly (6162018),Ryan Kelly,6162018,3100,LAL@Ind 07:00PM ET,LAL,
,,,,,,,,,PG,Troy Daniels (6161842),Troy Daniels,6161842,3100,Chi@Cha 07:00PM ET,Cha,
,,,,,,,,,SG,Andre Roberson (6161934),Andre Roberson,6161934,3100,OKC@Pho 09:00PM ET,OKC,
,,,,,,,,,SG,Tim Hardaway Jr. (6161945),Tim Hardaway Jr.,6161945,3100,Orl@Atl 08:00PM ET,Atl,
,,,,,,,,,SF,Anthony Brown (6162019),Anthony Brown,6162019,3100,LAL@Ind 07:00PM ET,LAL,
,,,,,,,,,SG,Jordan McRae (6161936),Jordan McRae,6161936,3100,OKC@Pho 09:00PM ET,Pho,
,,,,,,,,,PG,Pablo Prigioni (6161823),Pablo Prigioni,6161823,3100,LAC@Phi 07:00PM ET,LAC,
,,,,,,,,,SG,Markel Brown (6161909),Markel Brown,6161909,3100,Den@Bkn 07:30PM ET,Bkn,
,,,,,,,,,SG,Joe Young (6161918),Joe Young,6161918,3100,LAL@Ind 07:00PM ET,Ind,
,,,,,,,,,PF,Richaun Holmes (6162123),Richaun Holmes,6162123,3100,LAC@Phi 07:00PM ET,Phi,
,,,,,,,,,C,Joffrey Lauvergne (6162198),Joffrey Lauvergne,6162198,3100,Den@Bkn 07:30PM ET,Den,
,,,,,,,,,PF,Kevin Garnett (6162090),Kevin Garnett,6162090,3000,NO@Min 08:00PM ET,Min,
,,,,,,,,,SG,Vince Carter (6161899),Vince Carter,6161899,3000,Por@Mem 08:00PM ET,Mem,
,,,,,,,,,C,Elton Brand (6162208),Elton Brand,6162208,3000,LAC@Phi 07:00PM ET,Phi,
,,,,,,,,,PG,Andre Miller (6161791),Andre Miller,6161791,3000,NO@Min 08:00PM ET,Min,
,,,,,,,,,SF,Metta World Peace (6162013),Metta World Peace,6162013,3000,LAL@Ind 07:00PM ET,LAL,
,,,,,,,,,SG,Mike Miller (6161906),Mike Miller,6161906,3000,Den@Bkn 07:30PM ET,Den,
,,,,,,,,,SF,Richard Jefferson (6161996),Richard Jefferson,6161996,3000,Sac@Cle 07:00PM ET,Cle,
,,,,,,,,,PG,Steve Blake (6161824),Steve Blake,6161824,3000,Tor@Det 07:30PM ET,Det,
,,,,,,,,,SG,James Jones (6161892),James Jones,6161892,3000,Sac@Cle 07:00PM ET,Cle,
,,,,,,,,,C,Chris Kaman (6162191),Chris Kaman,6162191,3000,Por@Mem 08:00PM ET,Por,
,,,,,,,,,PF,Channing Frye (6162140),Channing Frye,6162140,3000,Orl@Atl 08:00PM ET,Orl,
,,,,,,,,,PG,Ronnie Price (6161831),Ronnie Price,6161831,3000,OKC@Pho 09:00PM ET,Pho,
,,,,,,,,,SF,Caron Butler (6161997),Caron Butler,6161997,3000,Sac@Cle 07:00PM ET,Sac,
,,,,,,,,,SF,Mike Dunleavy (6162043),Mike Dunleavy,6162043,3000,Chi@Cha 07:00PM ET,Chi,
,,,,,,,,,SF,Steve Novak (6162035),Steve Novak,6162035,3000,OKC@Pho 09:00PM ET,OKC,
,,,,,,,,,PG,C.J. Watson (6161844),C.J. Watson,6161844,3000,Orl@Atl 08:00PM ET,Orl,
,,,,,,,,,C,Ryan Hollins (6162192),Ryan Hollins,6162192,3000,Por@Mem 08:00PM ET,Mem,
,,,,,,,,,C,Kendrick Perkins (6162180),Kendrick Perkins,6162180,3000,NO@Min 08:00PM ET,NO,
,,,,,,,,,PF,Carl Landry (6162119),Carl Landry,6162119,3000,LAC@Phi 07:00PM ET,Phi,
,,,,,,,,,C,Sasha Kaun (6162187),Sasha Kaun,6162187,3000,Sac@Cle 07:00PM ET,Cle,
,,,,,,,,,PF,Jason Smith (6162142),Jason Smith,6162142,3000,Orl@Atl 08:00PM ET,Orl,
,,,,,,,,,SG,Anthony Morrow (6161931),Anthony Morrow,6161931,3000,OKC@Pho 09:00PM ET,OKC,
,,,,,,,,,PF,Joel Anthony (6162127),Joel Anthony,6162127,3000,Tor@Det 07:30PM ET,Det,
,,,,,,,,,PF,Jeff Ayres (6162120),Jeff Ayres,6162120,3000,LAC@Phi 07:00PM ET,LAC,
,,,,,,,,,PF,Luc Richard Mbah a Moute (6162121),Luc Richard Mbah a Moute,6162121,3000,LAC@Phi 07:00PM ET,LAC,
,,,,,,,,,PF,Tyler Hansbrough (6162135),Tyler Hansbrough,6162135,3000,Chi@Cha 07:00PM ET,Cha,
,,,,,,,,,PG,D.J. Augustin (6161832),D.J. Augustin,6161832,3000,OKC@Pho 09:00PM ET,OKC,
,,,,,,,,,PF,Brandan Wright (6162101),Brandan Wright,6162101,3000,Por@Mem 08:00PM ET,Mem,
,,,,,,,,,SF,Chase Budinger (6162015),Chase Budinger,6162015,3000,LAL@Ind 07:00PM ET,Ind,
,,,,,,,,,SF,Quincy Pondexter (6161992),Quincy Pondexter,6161992,3000,NO@Min 08:00PM ET,NO,
,,,,,,,,,SG,Jodie Meeks (6161925),Jodie Meeks,6161925,3000,Tor@Det 07:30PM ET,Det,
,,,,,,,,,SG,Sonny Weems (6161932),Sonny Weems,6161932,3000,OKC@Pho 09:00PM ET,Pho,
,,,,,,,,,C,Tiago Splitter (6162231),Tiago Splitter,6162231,3000,Orl@Atl 08:00PM ET,Atl,
,,,,,,,,,SG,Justin Holiday (6161943),Justin Holiday,6161943,3000,Orl@Atl 08:00PM ET,Atl,
,,,,,,,,,SG,James Anderson (6161895),James Anderson,6161895,3000,Sac@Cle 07:00PM ET,Sac,
,,,,,,,,,PF,J.J. Hickson (6162109),J.J. Hickson,6162109,3000,Den@Bkn 07:30PM ET,Den,
,,,,,,,,,C,Robert Sacre (6162203),Robert Sacre,6162203,3000,LAL@Ind 07:00PM ET,LAL,
,,,,,,,,,PF,JaMychal Green (6162102),JaMychal Green,6162102,3000,Por@Mem 08:00PM ET,Mem,
,,,,,,,,,SF,Luke Babbitt (6161993),Luke Babbitt,6161993,3000,NO@Min 08:00PM ET,NO,
,,,,,,,,,PF,Andrew Nicholson (6162144),Andrew Nicholson,6162144,3000,Orl@Atl 08:00PM ET,Orl,
,,,,,,,,,PG,Seth Curry (6161801),Seth Curry,6161801,3000,Sac@Cle 07:00PM ET,Sac,
,,,,,,,,,PF,Quincy Acy (6162096),Quincy Acy,6162096,3000,Sac@Cle 07:00PM ET,Sac,
,,,,,,,,,PF,Willie Reed (6162111),Willie Reed,6162111,3000,Den@Bkn 07:30PM ET,Bkn,
,,,,,,,,,PG,Shelvin Mack (6161846),Shelvin Mack,6161846,3000,Orl@Atl 08:00PM ET,Atl,
,,,,,,,,,SG,Lamar Patterson (6161944),Lamar Patterson,6161944,3000,Orl@Atl 08:00PM ET,Atl,
,,,,,,,,,C,Shayne Whittington (6162205),Shayne Whittington,6162205,3000,LAL@Ind 07:00PM ET,Ind,
,,,,,,,,,SG,C.J. Wilcox (6161921),C.J. Wilcox,6161921,3000,LAC@Phi 07:00PM ET,LAC,
,,,,,,,,,PF,Thomas Robinson (6162112),Thomas Robinson,6162112,3000,Den@Bkn 07:30PM ET,Bkn,
,,,,,,,,,SG,Jared Cunningham (6161897),Jared Cunningham,6161897,3000,Sac@Cle 07:00PM ET,Cle,
,,,,,,,,,PG,Tim Frazier (6161807),Tim Frazier,6161807,3000,Por@Mem 08:00PM ET,Por,
,,,,,,,,,C,Mike Muscala (6162233),Mike Muscala,6162233,3000,Orl@Atl 08:00PM ET,Atl,
,,,,,,,,,PF,Cameron Bairstow (6162137),Cameron Bairstow,6162137,3000,Chi@Cha 07:00PM ET,Chi,
,,,,,,,,,SF,Duje Dukan (6162001),Duje Dukan,6162001,3000,Sac@Cle 07:00PM ET,Sac,
,,,,,,,,,SF,Josh Huestis (6162040),Josh Huestis,6162040,3000,OKC@Pho 09:00PM ET,OKC,
,,,,,,,,,PG,Kendall Marshall (6161822),Kendall Marshall,6161822,3000,LAC@Phi 07:00PM ET,Phi,
,,,,,,,,,SF,Reggie Bullock (6162031),Reggie Bullock,6162031,3000,Tor@Det 07:30PM ET,Det,
,,,,,,,,,PG,Shabazz Napier (6161847),Shabazz Napier,6161847,3000,Orl@Atl 08:00PM ET,Orl,
,,,,,,,,,PF,Eric Moreland (6162099),Eric Moreland,6162099,3000,Sac@Cle 07:00PM ET,Sac,
,,,,,,,,,SF,Devyn Marble (6162052),Devyn Marble,6162052,3000,Orl@Atl 08:00PM ET,Orl,
,,,,,,,,,PF,Adreian Payne (6162093),Adreian Payne,6162093,3000,NO@Min 08:00PM ET,Min,
,,,,,,,,,PG,Keith Appling (6161848),Keith Appling,6161848,3000,Orl@Atl 08:00PM ET,Orl,
,,,,,,,,,PG,Marcelo Huertas (6161816),Marcelo Huertas,6161816,3000,LAL@Ind 07:00PM ET,LAL,
,,,,,,,,,SG,Austin Rivers (6161923),Austin Rivers,6161923,3000,LAC@Phi 07:00PM ET,LAC,
,,,,,,,,,SF,Pat Connaughton (6162006),Pat Connaughton,6162006,3000,Por@Mem 08:00PM ET,Por,
,,,,,,,,,SG,Darrun Hilliard (6161928),Darrun Hilliard,6161928,3000,Tor@Det 07:30PM ET,Det,
,,,,,,,,,SG,James Ennis (6161904),James Ennis,6161904,3000,Por@Mem 08:00PM ET,Mem,
,,,,,,,,,PG,Spencer Dinwiddie (6161829),Spencer Dinwiddie,6161829,3000,Tor@Det 07:30PM ET,Det,
,,,,,,,,,C,Dewayne Dedmon (6162234),Dewayne Dedmon,6162234,3000,Orl@Atl 08:00PM ET,Orl,
,,,,,,,,,SF,Branden Dawson (6162025),Branden Dawson,6162025,3000,LAC@Phi 07:00PM ET,LAC,
,,,,,,,,,PF,Rakeem Christmas (6162117),Rakeem Christmas,6162117,3000,LAL@Ind 07:00PM ET,Ind,
,,,,,,,,,SF,Jakarr Sampson (6162026),Jakarr Sampson,6162026,3000,LAC@Phi 07:00PM ET,Phi,
,,,,,,,,,SG,Norman Powell (6161930),Norman Powell,6161930,3000,Tor@Det 07:30PM ET,Tor,
,,,,,,,,,C,Lucas Nogueira (6162217),Lucas Nogueira,6162217,3000,Tor@Det 07:30PM ET,Tor,
,,,,,,,,,SF,Sergey Karasev (6162012),Sergey Karasev,6162012,3000,Den@Bkn 07:30PM ET,Bkn,
,,,,,,,,,SG,Jordan Adams (6161905),Jordan Adams,6161905,3000,Por@Mem 08:00PM ET,Mem,
,,,,,,,,,SF,Glenn Robinson III (6162020),Glenn Robinson III,6162020,3000,LAL@Ind 07:00PM ET,Ind,
,,,,,,,,,PF,Mitch McGary (6162133),Mitch McGary,6162133,3000,OKC@Pho 09:00PM ET,OKC,
,,,,,,,,,SF,Anthony Bennett (6162032),Anthony Bennett,6162032,3000,Tor@Det 07:30PM ET,Tor,
,,,,,,,,,PG,Delon Wright (6161830),Delon Wright,6161830,3000,Tor@Det 07:30PM ET,Tor,
,,,,,,,,,PF,Jarell Martin (6162104),Jarell Martin,6162104,3000,Por@Mem 08:00PM ET,Mem,
,,,,,,,,,PG,Aaron Harrison (6161843),Aaron Harrison,6161843,3000,Chi@Cha 07:00PM ET,Cha,
,,,,,,,,,C,Joel Embiid (6162211),Joel Embiid,6162211,3000,LAC@Phi 07:00PM ET,Phi,
,,,,,,,,,SF,Bruno Caboclo (6162033),Bruno Caboclo,6162033,3000,Tor@Det 07:30PM ET,Tor,
,,,,,,,,,C,Walter Tavares (6162235),Walter Tavares,6162235,3000,Orl@Atl 08:00PM ET,Atl,
,,,,,,,,,SF,Damjan Rudez (6161995),Damjan Rudez,6161995,3000,NO@Min 08:00PM ET,Min,
,,,,,,,,,C,Cristiano Felicio (6162229),Cristiano Felicio,6162229,3000,Chi@Cha 07:00PM ET,Chi,
,,,,,,,,,PG,Tyus Jones (6161797),Tyus Jones,6161797,3000,NO@Min 08:00PM ET,Min,
,,,,,,,,,PF,Cliff Alexander (6162106),Cliff Alexander,6162106,3000,Por@Mem 08:00PM ET,Por,
,,,,,,,,,PF,Chris McCullough (6162113),Chris McCullough,6162113,3000,Den@Bkn 07:30PM ET,Bkn,
,,,,,,,,,SF,Luis Montero (6162008),Luis Montero,6162008,3000,Por@Mem 08:00PM ET,Por,
