C,C,W,W,W,D,D,G,UTIL,,Position,Name + ID, Name, ID, Salary,GameInfo,TeamAbbrev 
,,,,,,,,,,G,Roberto Luongo (6180905),Roberto Luongo,6180905,8300,StL@Fla 07:30PM ET,Fla,
,,,,,,,,,,G,Henrik Lundqvist (6180879),Henrik Lundqvist,6180879,8300,LA@NYR 07:00PM ET,NYR,
,,,,,,,,,,G,Brian Elliott (6180907),Brian Elliott,6180907,8200,StL@Fla 07:30PM ET,StL,
,,,,,,,,,,G,Jonathan Quick (6180880),Jonathan Quick,6180880,8200,LA@NYR 07:00PM ET,LA,
,,,,,,,,,,G,Marc-Andre Fleury (6180887),Marc-Andre Fleury,6180887,8100,Pit@Car 07:00PM ET,Pit,
,,,,,,,,,,C,Sidney Crosby (6180576),Sidney Crosby,6180576,8100,Pit@Car 07:00PM ET,Pit,
,,,,,,,,,,G,Petr Mrazek (6180895),Petr Mrazek,6180895,8000,Col@Det 07:30PM ET,Det,
,,,,,,,,,,G,Semyon Varlamov (6180893),Semyon Varlamov,6180893,7900,Col@Det 07:30PM ET,Col,
,,,,,,,,,,G,Andrei Vasilevskiy (6180902),Andrei Vasilevskiy,6180902,7800,Nsh@TB 07:30PM ET,TB,
,,,,,,,,,,G,Ben Bishop (6180900),Ben Bishop,6180900,7700,Nsh@TB 07:30PM ET,TB,
,,,,,,,,,,G,Jeff Zatkoff (6180888),Jeff Zatkoff,6180888,7600,Pit@Car 07:00PM ET,Pit,
,,,,,,,,,,C,Evgeni Malkin (6180575),Evgeni Malkin,6180575,7500,Pit@Car 07:00PM ET,Pit,
,,,,,,,,,,G,Al Montoya (6180906),Al Montoya,6180906,7500,StL@Fla 07:30PM ET,Fla,
,,,,,,,,,,G,Karri Ramo (6180913),Karri Ramo,6180913,7500,Cgy@Ari 09:00PM ET,Cgy,
,,,,,,,,,,G,Pekka Rinne (6180899),Pekka Rinne,6180899,7400,Nsh@TB 07:30PM ET,Nsh,
,,,,,,,,,,G,Jake Allen (6180909),Jake Allen,6180909,7400,StL@Fla 07:30PM ET,StL,
,,,,,,,,,,RW,Vladimir Tarasenko (6180752),Vladimir Tarasenko,6180752,7400,StL@Fla 07:30PM ET,StL,
,,,,,,,,,,G,Jhonas Enroth (6180881),Jhonas Enroth,6180881,7300,LA@NYR 07:00PM ET,LA,
,,,,,,,,,,G,Mike Condon (6180878),Mike Condon,6180878,7300,Mon@Buf 07:00PM ET,Mon,
,,,,,,,,,,G,Jimmy Howard (6180892),Jimmy Howard,6180892,7200,Col@Det 07:30PM ET,Det,
,,,,,,,,,,G,Carter Hutton (6180901),Carter Hutton,6180901,7200,Nsh@TB 07:30PM ET,Nsh,
,,,,,,,,,,G,Carey Price (6180873),Carey Price,6180873,7100,Mon@Buf 07:00PM ET,Mon,
,,,,,,,,,,G,Cam Ward (6180885),Cam Ward,6180885,7000,Pit@Car 07:00PM ET,Car,
,,,,,,,,,,LW,Max Pacioretty (6180649),Max Pacioretty,6180649,7000,Mon@Buf 07:00PM ET,Mon,
,,,,,,,,,,G,Ben Scrivens (6180876),Ben Scrivens,6180876,7000,Mon@Buf 07:00PM ET,Mon,
,,,,,,,,,,D,Roman Josi (6180834),Roman Josi,6180834,7000,Nsh@TB 07:30PM ET,Nsh,
,,,,,,,,,,LW,Johnny Gaudreau (6180707),Johnny Gaudreau,6180707,7000,Cgy@Ari 09:00PM ET,Cgy,
,,,,,,,,,,LW,Rick Nash (6180659),Rick Nash,6180659,6900,LA@NYR 07:00PM ET,NYR,
,,,,,,,,,,G,Chad Johnson (6180874),Chad Johnson,6180874,6900,Mon@Buf 07:00PM ET,Buf,
,,,,,,,,,,G,Robin Lehner (6180875),Robin Lehner,6180875,6900,Mon@Buf 07:00PM ET,Buf,
,,,,,,,,,,C,Steven Stamkos (6180608),Steven Stamkos,6180608,6800,Nsh@TB 07:30PM ET,TB,
,,,,,,,,,,G,Eddie Lack (6180889),Eddie Lack,6180889,6800,Pit@Car 07:00PM ET,Car,
,,,,,,,,,,G,Calvin Pickard (6180894),Calvin Pickard,6180894,6800,Col@Det 07:30PM ET,Col,
,,,,,,,,,,D,Mark Giordano (6180860),Mark Giordano,6180860,6700,Cgy@Ari 09:00PM ET,Cgy,
,,,,,,,,,,D,Kris Letang (6180797),Kris Letang,6180797,6700,Pit@Car 07:00PM ET,Pit,
,,,,,,,,,,G,Jonas Hiller (6180914),Jonas Hiller,6180914,6700,Cgy@Ari 09:00PM ET,Cgy,
,,,,,,,,,,RW,Nikita Kucherov (6180744),Nikita Kucherov,6180744,6700,Nsh@TB 07:30PM ET,TB,
,,,,,,,,,,G,Antti Raanta (6180883),Antti Raanta,6180883,6700,LA@NYR 07:00PM ET,NYR,
,,,,,,,,,,RW,Patric Hornqvist (6180727),Patric Hornqvist,6180727,6600,Pit@Car 07:00PM ET,Pit,
,,,,,,,,,,G,Louis Domingue (6180916),Louis Domingue,6180916,6600,Cgy@Ari 09:00PM ET,Ari,
,,,,,,,,,,C,Nathan MacKinnon (6180600),Nathan MacKinnon,6180600,6600,Col@Det 07:30PM ET,Col,
,,,,,,,,,,D,Kevin Shattenkirk (6180845),Kevin Shattenkirk,6180845,6500,StL@Fla 07:30PM ET,StL,
,,,,,,,,,,C,Matt Duchene (6180594),Matt Duchene,6180594,6500,Col@Det 07:30PM ET,Col,
,,,,,,,,,,G,Linus Ullmark (6180877),Linus Ullmark,6180877,6500,Mon@Buf 07:00PM ET,Buf,
,,,,,,,,,,G,Reto Berra (6180897),Reto Berra,6180897,6500,Col@Det 07:30PM ET,Col,
,,,,,,,,,,LW,Alexander Steen (6180697),Alexander Steen,6180697,6400,StL@Fla 07:30PM ET,StL,
,,,,,,,,,,RW,Phil Kessel (6180726),Phil Kessel,6180726,6400,Pit@Car 07:00PM ET,Pit,
,,,,,,,,,,G,Anders Lindback (6180915),Anders Lindback,6180915,6400,Cgy@Ari 09:00PM ET,Ari,
,,,,,,,,,,G,Matt Murray (6180891),Matt Murray,6180891,6400,Pit@Car 07:00PM ET,Pit,
,,,,,,,,,,G,Mike Smith (6180912),Mike Smith,6180912,6300,Cgy@Ari 09:00PM ET,Ari,
,,,,,,,,,,C,Anze Kopitar (6180564),Anze Kopitar,6180564,6300,LA@NYR 07:00PM ET,LA,
,,,,,,,,,,D,P.K. Subban (6180770),P.K. Subban,6180770,6300,Mon@Buf 07:00PM ET,Mon,
,,,,,,,,,,D,Justin Faulk (6180802),Justin Faulk,6180802,6300,Pit@Car 07:00PM ET,Car,
,,,,,,,,,,D,Shea Weber (6180829),Shea Weber,6180829,6200,Nsh@TB 07:30PM ET,Nsh,
,,,,,,,,,,LW,Evander Kane (6180650),Evander Kane,6180650,6200,Mon@Buf 07:00PM ET,Buf,
,,,,,,,,,,G,Daniel Altshuller (6180890),Daniel Altshuller,6180890,6200,Pit@Car 07:00PM ET,Car,
,,,,,,,,,,C,Aleksander Barkov (6180630),Aleksander Barkov,6180630,6200,StL@Fla 07:30PM ET,Fla,
,,,,,,,,,,D,Victor Hedman (6180832),Victor Hedman,6180832,6100,Nsh@TB 07:30PM ET,TB,
,,,,,,,,,,D,Oliver Ekman-Larsson (6180865),Oliver Ekman-Larsson,6180865,6100,Cgy@Ari 09:00PM ET,Ari,
,,,,,,,,,,C,Ryan Johansen (6180609),Ryan Johansen,6180609,6100,Nsh@TB 07:30PM ET,Nsh,
,,,,,,,,,,RW,Tyler Toffoli (6180721),Tyler Toffoli,6180721,6100,LA@NYR 07:00PM ET,LA,
,,,,,,,,,,C,Pavel Datsyuk (6180587),Pavel Datsyuk,6180587,6000,Col@Det 07:30PM ET,Det,
,,,,,,,,,,G,Drew MacIntyre (6180886),Drew MacIntyre,6180886,6000,Pit@Car 07:00PM ET,Car,
,,,,,,,,,,G,Mike McKenna (6180908),Mike McKenna,6180908,6000,StL@Fla 07:30PM ET,Fla,
,,,,,,,,,,D,Drew Doughty (6180788),Drew Doughty,6180788,6000,LA@NYR 07:00PM ET,LA,
,,,,,,,,,,LW,Gabriel Landeskog (6180687),Gabriel Landeskog,6180687,6000,Col@Det 07:30PM ET,Col,
,,,,,,,,,,G,Magnus Hellberg (6180882),Magnus Hellberg,6180882,6000,LA@NYR 07:00PM ET,NYR,
,,,,,,,,,,G,Jordan Binnington (6180910),Jordan Binnington,6180910,6000,StL@Fla 07:30PM ET,StL,
,,,,,,,,,,G,Jon Gillies (6180917),Jon Gillies,6180917,6000,Cgy@Ari 09:00PM ET,Cgy,
,,,,,,,,,,G,Jared Coreau (6180896),Jared Coreau,6180896,6000,Col@Det 07:30PM ET,Det,
,,,,,,,,,,G,Juuse Saros (6180903),Juuse Saros,6180903,6000,Nsh@TB 07:30PM ET,Nsh,
,,,,,,,,,,G,Kristers Gudlevskis (6180904),Kristers Gudlevskis,6180904,6000,Nsh@TB 07:30PM ET,TB,
,,,,,,,,,,G,Patrik Bartosak (6180884),Patrik Bartosak,6180884,6000,LA@NYR 07:00PM ET,LA,
,,,,,,,,,,G,Pheonix Copley (6180911),Pheonix Copley,6180911,6000,StL@Fla 07:30PM ET,StL,
,,,,,,,,,,G,Roman Will (6180898),Roman Will,6180898,6000,Col@Det 07:30PM ET,Col,
,,,,,,,,,,LW,Ryan O'Reilly (6180652),Ryan O'Reilly,6180652,5900,Mon@Buf 07:00PM ET,Buf,
,,,,,,,,,,RW,Mats Zuccarello (6180719),Mats Zuccarello,6180719,5900,LA@NYR 07:00PM ET,NYR,
,,,,,,,,,,RW,Brendan Gallagher (6180715),Brendan Gallagher,6180715,5900,Mon@Buf 07:00PM ET,Mon,
,,,,,,,,,,C,Sean Monahan (6180642),Sean Monahan,6180642,5900,Cgy@Ari 09:00PM ET,Cgy,
,,,,,,,,,,RW,Jaromir Jagr (6180747),Jaromir Jagr,6180747,5800,StL@Fla 07:30PM ET,Fla,
,,,,,,,,,,D,Francois Beauchemin (6180810),Francois Beauchemin,6180810,5800,Col@Det 07:30PM ET,Col,
,,,,,,,,,,C,Jeff Carter (6180563),Jeff Carter,6180563,5800,LA@NYR 07:00PM ET,LA,
,,,,,,,,,,C,Derick Brassard (6180565),Derick Brassard,6180565,5800,LA@NYR 07:00PM ET,NYR,
,,,,,,,,,,LW,Filip Forsberg (6180694),Filip Forsberg,6180694,5800,Nsh@TB 07:30PM ET,Nsh,
,,,,,,,,,,RW,James Neal (6180737),James Neal,6180737,5700,Nsh@TB 07:30PM ET,Nsh,
,,,,,,,,,,D,Alex Pietrangelo (6180846),Alex Pietrangelo,6180846,5700,StL@Fla 07:30PM ET,StL,
,,,,,,,,,,LW,Jonathan Huberdeau (6180702),Jonathan Huberdeau,6180702,5700,StL@Fla 07:30PM ET,Fla,
,,,,,,,,,,C,Henrik Zetterberg (6180588),Henrik Zetterberg,6180588,5600,Col@Det 07:30PM ET,Det,
,,,,,,,,,,D,Tyson Barrie (6180821),Tyson Barrie,6180821,5600,Col@Det 07:30PM ET,Col,
,,,,,,,,,,D,Rasmus Ristolainen (6180778),Rasmus Ristolainen,6180778,5600,Mon@Buf 07:00PM ET,Buf,
,,,,,,,,,,C,Dylan Larkin (6180601),Dylan Larkin,6180601,5600,Col@Det 07:30PM ET,Det,
,,,,,,,,,,D,Erik Johnson (6180817),Erik Johnson,6180817,5500,Col@Det 07:30PM ET,Col,
,,,,,,,,,,C,Jack Eichel (6180560),Jack Eichel,6180560,5400,Mon@Buf 07:00PM ET,Buf,
,,,,,,,,,,C,Jussi Jokinen (6180617),Jussi Jokinen,6180617,5300,StL@Fla 07:30PM ET,Fla,
,,,,,,,,,,LW,Jaden Schwartz (6180700),Jaden Schwartz,6180700,5300,StL@Fla 07:30PM ET,StL,
,,,,,,,,,,D,Ryan McDonagh (6180786),Ryan McDonagh,6180786,5200,LA@NYR 07:00PM ET,NYR,
,,,,,,,,,,D,Jake Muzzin (6180791),Jake Muzzin,6180791,5200,LA@NYR 07:00PM ET,LA,
,,,,,,,,,,C,Tyler Johnson (6180611),Tyler Johnson,6180611,5200,Nsh@TB 07:30PM ET,TB,
,,,,,,,,,,C,Tomas Plekanec (6180549),Tomas Plekanec,6180549,5100,Mon@Buf 07:00PM ET,Mon,
,,,,,,,,,,D,Anton Stralman (6180830),Anton Stralman,6180830,5100,Nsh@TB 07:30PM ET,TB,
,,,,,,,,,,C,Vincent Trocheck (6180627),Vincent Trocheck,6180627,5000,StL@Fla 07:30PM ET,Fla,
,,,,,,,,,,C,Eric Staal (6180574),Eric Staal,6180574,4900,Pit@Car 07:00PM ET,Car,
,,,,,,,,,,D,Mike Green (6180813),Mike Green,6180813,4900,Col@Det 07:30PM ET,Det,
,,,,,,,,,,D,Keith Yandle (6180784),Keith Yandle,6180784,4900,LA@NYR 07:00PM ET,NYR,
,,,,,,,,,,C,Carl Soderberg (6180590),Carl Soderberg,6180590,4900,Col@Det 07:30PM ET,Col,
,,,,,,,,,,LW,Tomas Tatar (6180685),Tomas Tatar,6180685,4900,Col@Det 07:30PM ET,Det,
,,,,,,,,,,RW,Reilly Smith (6180755),Reilly Smith,6180755,4900,StL@Fla 07:30PM ET,Fla,
,,,,,,,,,,D,Aaron Ekblad (6180856),Aaron Ekblad,6180856,4900,StL@Fla 07:30PM ET,Fla,
,,,,,,,,,,C,Paul Stastny (6180622),Paul Stastny,6180622,4800,StL@Fla 07:30PM ET,StL,
,,,,,,,,,,C,Derek Stepan (6180568),Derek Stepan,6180568,4800,LA@NYR 07:00PM ET,NYR,
,,,,,,,,,,D,Dougie Hamilton (6180869),Dougie Hamilton,6180869,4800,Cgy@Ari 09:00PM ET,Cgy,
,,,,,,,,,,RW,Marian Gaborik (6180718),Marian Gaborik,6180718,4700,LA@NYR 07:00PM ET,LA,
,,,,,,,,,,LW,Chris Kunitz (6180669),Chris Kunitz,6180669,4700,Pit@Car 07:00PM ET,Pit,
,,,,,,,,,,LW,Jeff Skinner (6180672),Jeff Skinner,6180672,4700,Pit@Car 07:00PM ET,Car,
,,,,,,,,,,RW,Gustav Nyquist (6180735),Gustav Nyquist,6180735,4700,Col@Det 07:30PM ET,Det,
,,,,,,,,,,C,David Backes (6180620),David Backes,6180620,4600,StL@Fla 07:30PM ET,StL,
,,,,,,,,,,LW,Milan Lucic (6180661),Milan Lucic,6180661,4600,LA@NYR 07:00PM ET,LA,
,,,,,,,,,,LW,Justin Abdelkader (6180684),Justin Abdelkader,6180684,4600,Col@Det 07:30PM ET,Det,
,,,,,,,,,,D,Alec Martinez (6180787),Alec Martinez,6180787,4600,LA@NYR 07:00PM ET,LA,
,,,,,,,,,,LW,Mikkel Boedker (6180703),Mikkel Boedker,6180703,4600,Cgy@Ari 09:00PM ET,Ari,
,,,,,,,,,,D,T.J. Brodie (6180866),T.J. Brodie,6180866,4600,Cgy@Ari 09:00PM ET,Cgy,
,,,,,,,,,,D,Colton Parayko (6180855),Colton Parayko,6180855,4600,StL@Fla 07:30PM ET,StL,
,,,,,,,,,,LW,Max Domi (6180709),Max Domi,6180709,4600,Cgy@Ari 09:00PM ET,Ari,
,,,,,,,,,,RW,Shane Doan (6180756),Shane Doan,6180756,4500,Cgy@Ari 09:00PM ET,Ari,
,,,,,,,,,,D,Dennis Wideman (6180859),Dennis Wideman,6180859,4500,Cgy@Ari 09:00PM ET,Cgy,
,,,,,,,,,,D,Kris Russell (6180863),Kris Russell,6180863,4500,Cgy@Ari 09:00PM ET,Cgy,
,,,,,,,,,,C,Nick Bjugstad (6180624),Nick Bjugstad,6180624,4500,StL@Fla 07:30PM ET,Fla,
,,,,,,,,,,C,J.T. Miller (6180570),J.T. Miller,6180570,4500,LA@NYR 07:00PM ET,NYR,
,,,,,,,,,,RW,Michael Frolik (6180758),Michael Frolik,6180758,4400,Cgy@Ari 09:00PM ET,Cgy,
,,,,,,,,,,LW,Chris Kreider (6180665),Chris Kreider,6180665,4400,LA@NYR 07:00PM ET,NYR,
,,,,,,,,,,LW,Ondrej Palat (6180692),Ondrej Palat,6180692,4400,Nsh@TB 07:30PM ET,TB,
,,,,,,,,,,C,Alex Galchenyuk (6180557),Alex Galchenyuk,6180557,4400,Mon@Buf 07:00PM ET,Mon,
,,,,,,,,,,RW,Ryan Callahan (6180738),Ryan Callahan,6180738,4300,Nsh@TB 07:30PM ET,TB,
,,,,,,,,,,RW,Tobias Rieder (6180761),Tobias Rieder,6180761,4300,Cgy@Ari 09:00PM ET,Ari,
,,,,,,,,,,RW,Jarome Iginla (6180731),Jarome Iginla,6180731,4200,Col@Det 07:30PM ET,Col,
,,,,,,,,,,RW,Jiri Hudler (6180757),Jiri Hudler,6180757,4200,Cgy@Ari 09:00PM ET,Cgy,
,,,,,,,,,,D,Michael Stone (6180864),Michael Stone,6180864,4200,Cgy@Ari 09:00PM ET,Ari,
,,,,,,,,,,D,Ryan Ellis (6180833),Ryan Ellis,6180833,4200,Nsh@TB 07:30PM ET,Nsh,
,,,,,,,,,,C,Brandon Pirri (6180626),Brandon Pirri,6180626,4200,StL@Fla 07:30PM ET,Fla,
,,,,,,,,,,C,Sam Bennett (6180645),Sam Bennett,6180645,4200,Cgy@Ari 09:00PM ET,Cgy,
,,,,,,,,,,D,Andrei Markov (6180762),Andrei Markov,6180762,4100,Mon@Buf 07:00PM ET,Mon,
,,,,,,,,,,LW,Dustin Brown (6180660),Dustin Brown,6180660,4100,LA@NYR 07:00PM ET,LA,
,,,,,,,,,,RW,Kris Versteeg (6180725),Kris Versteeg,6180725,4100,Pit@Car 07:00PM ET,Car,
,,,,,,,,,,C,Mikael Backlund (6180638),Mikael Backlund,6180638,4100,Cgy@Ari 09:00PM ET,Cgy,
,,,,,,,,,,C,Tyler Ennis (6180553),Tyler Ennis,6180553,4100,Mon@Buf 07:00PM ET,Buf,
,,,,,,,,,,RW,Craig Smith (6180742),Craig Smith,6180742,4100,Nsh@TB 07:30PM ET,Nsh,
,,,,,,,,,,C,Sam Reinhart (6180559),Sam Reinhart,6180559,4100,Mon@Buf 07:00PM ET,Buf,
,,,,,,,,,,C,Brad Richards (6180586),Brad Richards,6180586,4000,Col@Det 07:30PM ET,Det,
,,,,,,,,,,C,Martin Hanzal (6180637),Martin Hanzal,6180637,4000,Cgy@Ari 09:00PM ET,Ari,
,,,,,,,,,,D,Jeff Petry (6180771),Jeff Petry,6180771,4000,Mon@Buf 07:00PM ET,Mon,
,,,,,,,,,,D,Mattias Ekholm (6180837),Mattias Ekholm,6180837,4000,Nsh@TB 07:30PM ET,Nsh,
,,,,,,,,,,C,Vladislav Namestnikov (6180612),Vladislav Namestnikov,6180612,4000,Nsh@TB 07:30PM ET,TB,
,,,,,,,,,,LW,Alex Killorn (6180693),Alex Killorn,6180693,4000,Nsh@TB 07:30PM ET,TB,
,,,,,,,,,,D,Dan Boyle (6180779),Dan Boyle,6180779,3900,LA@NYR 07:00PM ET,NYR,
,,,,,,,,,,LW,Blake Comeau (6180681),Blake Comeau,6180681,3900,Col@Det 07:30PM ET,Col,
,,,,,,,,,,RW,Troy Brouwer (6180749),Troy Brouwer,6180749,3900,StL@Fla 07:30PM ET,StL,
,,,,,,,,,,C,Jordan Staal (6180577),Jordan Staal,6180577,3900,Pit@Car 07:00PM ET,Car,
,,,,,,,,,,D,Nick Holden (6180820),Nick Holden,6180820,3900,Col@Det 07:30PM ET,Col,
,,,,,,,,,,RW,Dale Weise (6180713),Dale Weise,6180713,3900,Mon@Buf 07:00PM ET,Mon,
,,,,,,,,,,LW,Carl Hagelin (6180674),Carl Hagelin,6180674,3900,Pit@Car 07:00PM ET,Pit,
,,,,,,,,,,C,Victor Rask (6180583),Victor Rask,6180583,3900,Pit@Car 07:00PM ET,Car,
,,,,,,,,,,C,Elias Lindholm (6180585),Elias Lindholm,6180585,3900,Pit@Car 07:00PM ET,Car,
,,,,,,,,,,D,Trevor Daley (6180795),Trevor Daley,6180795,3800,Pit@Car 07:00PM ET,Pit,
,,,,,,,,,,RW,Johan Franzen (6180732),Johan Franzen,6180732,3800,Col@Det 07:30PM ET,Det,
,,,,,,,,,,D,Dan Girardi (6180785),Dan Girardi,6180785,3800,LA@NYR 07:00PM ET,NYR,
,,,,,,,,,,D,Danny DeKeyser (6180824),Danny DeKeyser,6180824,3800,Col@Det 07:30PM ET,Det,
,,,,,,,,,,LW,Anthony Duclair (6180710),Anthony Duclair,6180710,3800,Cgy@Ari 09:00PM ET,Ari,
,,,,,,,,,,D,Brian Campbell (6180841),Brian Campbell,6180841,3700,StL@Fla 07:30PM ET,Fla,
,,,,,,,,,,C,Mike Ribeiro (6180602),Mike Ribeiro,6180602,3700,Nsh@TB 07:30PM ET,Nsh,
,,,,,,,,,,C,Antoine Vermette (6180633),Antoine Vermette,6180633,3700,Cgy@Ari 09:00PM ET,Ari,
,,,,,,,,,,C,Valtteri Filppula (6180606),Valtteri Filppula,6180606,3700,Nsh@TB 07:30PM ET,TB,
,,,,,,,,,,D,Olli Maatta (6180805),Olli Maatta,6180805,3700,Pit@Car 07:00PM ET,Pit,
,,,,,,,,,,LW,Alex Tanguay (6180680),Alex Tanguay,6180680,3600,Col@Det 07:30PM ET,Col,
,,,,,,,,,,C,Vincent Lecavalier (6180561),Vincent Lecavalier,6180561,3600,LA@NYR 07:00PM ET,LA,
,,,,,,,,,,C,Mike Fisher (6180603),Mike Fisher,6180603,3600,Nsh@TB 07:30PM ET,Nsh,
,,,,,,,,,,LW,Jamie McGinn (6180648),Jamie McGinn,6180648,3600,Mon@Buf 07:00PM ET,Buf,
,,,,,,,,,,C,Jori Lehtera (6180623),Jori Lehtera,6180623,3600,StL@Fla 07:30PM ET,StL,
,,,,,,,,,,D,Jaccob Slavin (6180806),Jaccob Slavin,6180806,3600,Pit@Car 07:00PM ET,Car,
,,,,,,,,,,RW,Brian Gionta (6180711),Brian Gionta,6180711,3500,Mon@Buf 07:00PM ET,Buf,
,,,,,,,,,,D,Jay Bouwmeester (6180843),Jay Bouwmeester,6180843,3500,StL@Fla 07:30PM ET,StL,
,,,,,,,,,,D,John-Michael Liles (6180796),John-Michael Liles,6180796,3500,Pit@Car 07:00PM ET,Car,
,,,,,,,,,,C,Trevor Lewis (6180566),Trevor Lewis,6180566,3500,LA@NYR 07:00PM ET,LA,
,,,,,,,,,,C,David Desharnais (6180552),David Desharnais,6180552,3500,Mon@Buf 07:00PM ET,Mon,
,,,,,,,,,,RW,Kevin Hayes (6180720),Kevin Hayes,6180720,3500,LA@NYR 07:00PM ET,NYR,
,,,,,,,,,,C,Patrik Berglund (6180621),Patrik Berglund,6180621,3400,StL@Fla 07:30PM ET,StL,
,,,,,,,,,,D,Dmitry Kulikov (6180848),Dmitry Kulikov,6180848,3400,StL@Fla 07:30PM ET,Fla,
,,,,,,,,,,C,Oscar Lindberg (6180569),Oscar Lindberg,6180569,3400,LA@NYR 07:00PM ET,NYR,
,,,,,,,,,,D,Ron Hainsey (6180794),Ron Hainsey,6180794,3300,Pit@Car 07:00PM ET,Car,
,,,,,,,,,,D,Niklas Kronwall (6180811),Niklas Kronwall,6180811,3300,Col@Det 07:30PM ET,Det,
,,,,,,,,,,D,Kevin Klein (6180782),Kevin Klein,6180782,3300,LA@NYR 07:00PM ET,NYR,
,,,,,,,,,,LW,Colin Wilson (6180690),Colin Wilson,6180690,3300,Nsh@TB 07:30PM ET,Nsh,
,,,,,,,,,,D,Jason Garrison (6180831),Jason Garrison,6180831,3300,Nsh@TB 07:30PM ET,TB,
,,,,,,,,,,LW,Micheal Ferland (6180706),Micheal Ferland,6180706,3300,Cgy@Ari 09:00PM ET,Cgy,
,,,,,,,,,,C,Andrej Nestrasil (6180582),Andrej Nestrasil,6180582,3300,Pit@Car 07:00PM ET,Car,
,,,,,,,,,,LW,Tanner Pearson (6180668),Tanner Pearson,6180668,3300,LA@NYR 07:00PM ET,LA,
,,,,,,,,,,C,Robby Fabbri (6180631),Robby Fabbri,6180631,3300,StL@Fla 07:30PM ET,StL,
,,,,,,,,,,LW,Tomas Fleischmann (6180646),Tomas Fleischmann,6180646,3200,Mon@Buf 07:00PM ET,Mon,
,,,,,,,,,,C,Brad Richardson (6180636),Brad Richardson,6180636,3200,Cgy@Ari 09:00PM ET,Ari,
,,,,,,,,,,D,Cody Franson (6180767),Cody Franson,6180767,3200,Mon@Buf 07:00PM ET,Buf,
,,,,,,,,,,D,Ian Cole (6180798),Ian Cole,6180798,3200,Pit@Car 07:00PM ET,Pit,
,,,,,,,,,,D,Zach Bogosian (6180769),Zach Bogosian,6180769,3200,Mon@Buf 07:00PM ET,Buf,
,,,,,,,,,,LW,Dwight King (6180663),Dwight King,6180663,3200,LA@NYR 07:00PM ET,LA,
,,,,,,,,,,C,Zemgus Girgensons (6180558),Zemgus Girgensons,6180558,3200,Mon@Buf 07:00PM ET,Buf,
,,,,,,,,,,LW,Jordan Martinook (6180708),Jordan Martinook,6180708,3200,Cgy@Ari 09:00PM ET,Ari,
,,,,,,,,,,D,Noah Hanifin (6180808),Noah Hanifin,6180808,3200,Pit@Car 07:00PM ET,Car,
,,,,,,,,,,RW,Eric Fehr (6180724),Eric Fehr,6180724,3100,Pit@Car 07:00PM ET,Pit,
,,,,,,,,,,C,Lars Eller (6180551),Lars Eller,6180551,3100,Mon@Buf 07:00PM ET,Mon,
,,,,,,,,,,D,Ben Lovejoy (6180799),Ben Lovejoy,6180799,3100,Pit@Car 07:00PM ET,Pit,
,,,,,,,,,,C,Nick Bonino (6180580),Nick Bonino,6180580,3100,Pit@Car 07:00PM ET,Pit,
,,,,,,,,,,RW,Jesper Fast (6180722),Jesper Fast,6180722,3100,LA@NYR 07:00PM ET,NYR,
,,,,,,,,,,D,Nathan Beaulieu (6180775),Nathan Beaulieu,6180775,3100,Mon@Buf 07:00PM ET,Mon,
,,,,,,,,,,RW,J.T. Brown (6180745),J.T. Brown,6180745,3100,Nsh@TB 07:30PM ET,TB,
,,,,,,,,,,D,Derrick Pouliot (6180804),Derrick Pouliot,6180804,3100,Pit@Car 07:00PM ET,Pit,
,,,,,,,,,,LW,Daniel Carr (6180657),Daniel Carr,6180657,3100,Mon@Buf 07:00PM ET,Mon,
,,,,,,,,,,C,Darren Helm (6180591),Darren Helm,6180591,3000,Col@Det 07:30PM ET,Det,
,,,,,,,,,,C,Joe Colborne (6180639),Joe Colborne,6180639,3000,Cgy@Ari 09:00PM ET,Cgy,
,,,,,,,,,,LW,Teemu Pulkkinen (6180686),Teemu Pulkkinen,6180686,3000,Col@Det 07:30PM ET,Det,
,,,,,,,,,,D,Brian Dumoulin (6180803),Brian Dumoulin,6180803,3000,Pit@Car 07:00PM ET,Pit,
,,,,,,,,,,C,Jonathan Marchessault (6180613),Jonathan Marchessault,6180613,3000,Nsh@TB 07:30PM ET,TB,
,,,,,,,,,,C,Mikhail Grigorenko (6180598),Mikhail Grigorenko,6180598,3000,Col@Det 07:30PM ET,Col,
,,,,,,,,,,LW,Viktor Arvidsson (6180696),Viktor Arvidsson,6180696,3000,Nsh@TB 07:30PM ET,Nsh,
,,,,,,,,,,C,Matt Cullen (6180572),Matt Cullen,6180572,2900,Pit@Car 07:00PM ET,Pit,
,,,,,,,,,,D,Christian Ehrhoff (6180780),Christian Ehrhoff,6180780,2900,LA@NYR 07:00PM ET,LA,
,,,,,,,,,,C,John Mitchell (6180589),John Mitchell,6180589,2900,Col@Det 07:30PM ET,Col,
,,,,,,,,,,D,Marc Staal (6180783),Marc Staal,6180783,2900,LA@NYR 07:00PM ET,NYR,
,,,,,,,,,,RW,David Jones (6180759),David Jones,6180759,2900,Cgy@Ari 09:00PM ET,Cgy,
,,,,,,,,,,D,Luke Schenn (6180789),Luke Schenn,6180789,2900,LA@NYR 07:00PM ET,LA,
,,,,,,,,,,LW,Viktor Stalberg (6180664),Viktor Stalberg,6180664,2900,LA@NYR 07:00PM ET,NYR,
,,,,,,,,,,LW,Lance Bouma (6180705),Lance Bouma,6180705,2900,Cgy@Ari 09:00PM ET,Cgy,
,,,,,,,,,,D,Alex Petrovic (6180853),Alex Petrovic,6180853,2900,StL@Fla 07:30PM ET,Fla,
,,,,,,,,,,C,Calle Jarnkrok (6180610),Calle Jarnkrok,6180610,2900,Nsh@TB 07:30PM ET,Nsh,
,,,,,,,,,,D,Connor Murphy (6180870),Connor Murphy,6180870,2900,Cgy@Ari 09:00PM ET,Ari,
,,,,,,,,,,LW,Phillip Di Giuseppe (6180676),Phillip Di Giuseppe,6180676,2900,Pit@Car 07:00PM ET,Car,
,,,,,,,,,,C,Derek MacKenzie (6180616),Derek MacKenzie,6180616,2800,StL@Fla 07:30PM ET,Fla,
,,,,,,,,,,D,Zbynek Michalek (6180857),Zbynek Michalek,6180857,2800,Cgy@Ari 09:00PM ET,Ari,
,,,,,,,,,,D,Josh Gorges (6180765),Josh Gorges,6180765,2800,Mon@Buf 07:00PM ET,Buf,
,,,,,,,,,,C,Dave Bolland (6180619),Dave Bolland,6180619,2800,StL@Fla 07:30PM ET,Fla,
,,,,,,,,,,LW,Matt Moulson (6180647),Matt Moulson,6180647,2800,Mon@Buf 07:00PM ET,Buf,
,,,,,,,,,,C,Paul Byron (6180554),Paul Byron,6180554,2800,Mon@Buf 07:00PM ET,Mon,
,,,,,,,,,,LW,Marcus Foligno (6180651),Marcus Foligno,6180651,2800,Mon@Buf 07:00PM ET,Buf,
,,,,,,,,,,D,Steven Kampfer (6180851),Steven Kampfer,6180851,2800,StL@Fla 07:30PM ET,Fla,
,,,,,,,,,,RW,Beau Bennett (6180728),Beau Bennett,6180728,2800,Pit@Car 07:00PM ET,Pit,
,,,,,,,,,,LW,Joakim Nordstrom (6180673),Joakim Nordstrom,6180673,2800,Pit@Car 07:00PM ET,Car,
,,,,,,,,,,D,Alexei Emelin (6180774),Alexei Emelin,6180774,2800,Mon@Buf 07:00PM ET,Mon,
,,,,,,,,,,C,Markus Granlund (6180641),Markus Granlund,6180641,2800,Cgy@Ari 09:00PM ET,Cgy,
,,,,,,,,,,LW,Jonathan Drouin (6180695),Jonathan Drouin,6180695,2800,Nsh@TB 07:30PM ET,TB,
,,,,,,,,,,D,Brett Pesce (6180807),Brett Pesce,6180807,2800,Pit@Car 07:00PM ET,Car,
,,,,,,,,,,D,Tom Gilbert (6180764),Tom Gilbert,6180764,2700,Mon@Buf 07:00PM ET,Mon,
,,,,,,,,,,D,Braydon Coburn (6180827),Braydon Coburn,6180827,2700,Nsh@TB 07:30PM ET,TB,
,,,,,,,,,,C,Brian Boyle (6180605),Brian Boyle,6180605,2700,Nsh@TB 07:30PM ET,TB,
,,,,,,,,,,D,Kyle Quincey (6180814),Kyle Quincey,6180814,2700,Col@Det 07:30PM ET,Det,
,,,,,,,,,,D,Nicklas Grossmann (6180862),Nicklas Grossmann,6180862,2700,Cgy@Ari 09:00PM ET,Ari,
,,,,,,,,,,D,Brendan Smith (6180818),Brendan Smith,6180818,2700,Col@Det 07:30PM ET,Det,
,,,,,,,,,,D,Mark Barberio (6180772),Mark Barberio,6180772,2700,Mon@Buf 07:00PM ET,Mon,
,,,,,,,,,,D,Brayden McNabb (6180793),Brayden McNabb,6180793,2700,LA@NYR 07:00PM ET,LA,
,,,,,,,,,,D,Jake McCabe (6180777),Jake McCabe,6180777,2700,Mon@Buf 07:00PM ET,Buf,
,,,,,,,,,,C,David Legwand (6180548),David Legwand,6180548,2600,Mon@Buf 07:00PM ET,Buf,
,,,,,,,,,,D,Brad Stuart (6180809),Brad Stuart,6180809,2600,Col@Det 07:30PM ET,Col,
,,,,,,,,,,C,Dominic Moore (6180562),Dominic Moore,6180562,2600,LA@NYR 07:00PM ET,NYR,
,,,,,,,,,,D,Jakub Kindl (6180815),Jakub Kindl,6180815,2600,Col@Det 07:30PM ET,Det,
,,,,,,,,,,D,Mike Weber (6180768),Mike Weber,6180768,2600,Mon@Buf 07:00PM ET,Buf,
,,,,,,,,,,D,Carl Gunnarsson (6180847),Carl Gunnarsson,6180847,2600,StL@Fla 07:30PM ET,StL,
,,,,,,,,,,D,Robert Bortuzzo (6180850),Robert Bortuzzo,6180850,2600,StL@Fla 07:30PM ET,StL,
,,,,,,,,,,LW,Kyle Clifford (6180666),Kyle Clifford,6180666,2600,LA@NYR 07:00PM ET,LA,
,,,,,,,,,,LW,Brandon Bollig (6180704),Brandon Bollig,6180704,2600,Cgy@Ari 09:00PM ET,Cgy,
,,,,,,,,,,D,David Warsofsky (6180801),David Warsofsky,6180801,2600,Pit@Car 07:00PM ET,Pit,
,,,,,,,,,,D,Erik Gudbranson (6180852),Erik Gudbranson,6180852,2600,StL@Fla 07:30PM ET,Fla,
,,,,,,,,,,D,Dylan McIlrath (6180792),Dylan McIlrath,6180792,2600,LA@NYR 07:00PM ET,NYR,
,,,,,,,,,,C,Riley Sheahan (6180595),Riley Sheahan,6180595,2600,Col@Det 07:30PM ET,Det,
,,,,,,,,,,RW,Devante Smith-Pelly (6180714),Devante Smith-Pelly,6180714,2600,Mon@Buf 07:00PM ET,Mon,
,,,,,,,,,,D,Zach Redmond (6180822),Zach Redmond,6180822,2600,Col@Det 07:30PM ET,Col,
,,,,,,,,,,C,Brian Flynn (6180556),Brian Flynn,6180556,2600,Mon@Buf 07:00PM ET,Mon,
,,,,,,,,,,D,Slater Koekkoek (6180839),Slater Koekkoek,6180839,2600,Nsh@TB 07:30PM ET,TB,
,,,,,,,,,,C,Andreas Athanasiou (6180599),Andreas Athanasiou,6180599,2600,Col@Det 07:30PM ET,Det,
,,,,,,,,,,C,Josh Jooris (6180643),Josh Jooris,6180643,2600,Cgy@Ari 09:00PM ET,Cgy,
,,,,,,,,,,C,Olli Jokinen (6180615),Olli Jokinen,6180615,2500,StL@Fla 07:30PM ET,StL,
,,,,,,,,,,D,Barret Jackman (6180826),Barret Jackman,6180826,2500,Nsh@TB 07:30PM ET,Nsh,
,,,,,,,,,,D,Willie Mitchell (6180842),Willie Mitchell,6180842,2500,StL@Fla 07:30PM ET,Fla,
,,,,,,,,,,RW,Craig Adams (6180723),Craig Adams,6180723,2500,Pit@Car 07:00PM ET,Pit,
,,,,,,,,,,LW,Daniel Paille (6180658),Daniel Paille,6180658,2500,LA@NYR 07:00PM ET,NYR,
,,,,,,,,,,LW,Eric Nystrom (6180689),Eric Nystrom,6180689,2500,Nsh@TB 07:30PM ET,Nsh,
,,,,,,,,,,RW,Scottie Upshall (6180748),Scottie Upshall,6180748,2500,StL@Fla 07:30PM ET,StL,
,,,,,,,,,,C,Boyd Gordon (6180632),Boyd Gordon,6180632,2500,Cgy@Ari 09:00PM ET,Ari,
,,,,,,,,,,D,Carlo Colaiacovo (6180763),Carlo Colaiacovo,6180763,2500,Mon@Buf 07:00PM ET,Buf,
,,,,,,,,,,LW,Shawn Thornton (6180698),Shawn Thornton,6180698,2500,StL@Fla 07:30PM ET,Fla,
,,,,,,,,,,C,Paul Gaustad (6180604),Paul Gaustad,6180604,2500,Nsh@TB 07:30PM ET,Nsh,
,,,,,,,,,,C,Jay McClement (6180573),Jay McClement,6180573,2500,Pit@Car 07:00PM ET,Car,
,,,,,,,,,,D,Matt Greene (6180781),Matt Greene,6180781,2500,LA@NYR 07:00PM ET,LA,
,,,,,,,,,,D,Nate Guenin (6180812),Nate Guenin,6180812,2500,Col@Det 07:30PM ET,Col,
,,,,,,,,,,C,Matt Stajan (6180634),Matt Stajan,6180634,2500,Cgy@Ari 09:00PM ET,Cgy,
,,,,,,,,,,D,Matthew Carle (6180828),Matthew Carle,6180828,2500,Nsh@TB 07:30PM ET,TB,
,,,,,,,,,,D,Deryk Engelland (6180858),Deryk Engelland,6180858,2500,Cgy@Ari 09:00PM ET,Cgy,
,,,,,,,,,,C,Kyle Brodziak (6180618),Kyle Brodziak,6180618,2500,StL@Fla 07:30PM ET,StL,
,,,,,,,,,,D,Ladislav Smid (6180861),Ladislav Smid,6180861,2500,Cgy@Ari 09:00PM ET,Cgy,
,,,,,,,,,,C,Kyle Chipchura (6180635),Kyle Chipchura,6180635,2500,Cgy@Ari 09:00PM ET,Ari,
,,,,,,,,,,RW,Jack Skille (6180733),Jack Skille,6180733,2500,Col@Det 07:30PM ET,Col,
,,,,,,,,,,D,Matt Lashoff (6180766),Matt Lashoff,6180766,2500,Mon@Buf 07:00PM ET,Mon,
,,,,,,,,,,D,Peter Harrold (6180844),Peter Harrold,6180844,2500,StL@Fla 07:30PM ET,StL,
,,,,,,,,,,LW,Drew Miller (6180682),Drew Miller,6180682,2500,Col@Det 07:30PM ET,Det,
,,,,,,,,,,RW,Mike Blunden (6180739),Mike Blunden,6180739,2500,Nsh@TB 07:30PM ET,TB,
,,,,,,,,,,D,Jonathan Ericsson (6180816),Jonathan Ericsson,6180816,2500,Col@Det 07:30PM ET,Det,
,,,,,,,,,,C,Cody Bass (6180607),Cody Bass,6180607,2500,Nsh@TB 07:30PM ET,Nsh,
,,,,,,,,,,LW,Cody McLeod (6180683),Cody McLeod,6180683,2500,Col@Det 07:30PM ET,Col,
,,,,,,,,,,C,Cal O'Reilly (6180550),Cal O'Reilly,6180550,2500,Mon@Buf 07:00PM ET,Buf,
,,,,,,,,,,RW,Torrey Mitchell (6180712),Torrey Mitchell,6180712,2500,Mon@Buf 07:00PM ET,Mon,
,,,,,,,,,,RW,Ryan Reaves (6180750),Ryan Reaves,6180750,2500,StL@Fla 07:30PM ET,StL,
,,,,,,,,,,C,Riley Nash (6180578),Riley Nash,6180578,2500,Pit@Car 07:00PM ET,Car,
,,,,,,,,,,LW,Tanner Glass (6180662),Tanner Glass,6180662,2500,LA@NYR 07:00PM ET,NYR,
,,,,,,,,,,D,Andrew Bodnarchuk (6180819),Andrew Bodnarchuk,6180819,2500,Col@Det 07:30PM ET,Col,
,,,,,,,,,,C,Jesse Winchester (6180592),Jesse Winchester,6180592,2500,Col@Det 07:30PM ET,Col,
,,,,,,,,,,C,Kevin Porter (6180579),Kevin Porter,6180579,2500,Pit@Car 07:00PM ET,Pit,
,,,,,,,,,,LW,Nathan Gerbe (6180670),Nathan Gerbe,6180670,2500,Pit@Car 07:00PM ET,Car,
,,,,,,,,,,LW,Chris Terry (6180671),Chris Terry,6180671,2500,Pit@Car 07:00PM ET,Car,
,,,,,,,,,,RW,Viktor Tikhonov (6180760),Viktor Tikhonov,6180760,2500,Cgy@Ari 09:00PM ET,Ari,
,,,,,,,,,,D,Jamie McBain (6180790),Jamie McBain,6180790,2500,LA@NYR 07:00PM ET,LA,
,,,,,,,,,,C,Joe Vitale (6180640),Joe Vitale,6180640,2500,Cgy@Ari 09:00PM ET,Ari,
,,,,,,,,,,C,Joakim Andersson (6180593),Joakim Andersson,6180593,2500,Col@Det 07:30PM ET,Det,
,,,,,,,,,,LW,Magnus Paajarvi (6180699),Magnus Paajarvi,6180699,2500,StL@Fla 07:30PM ET,StL,
,,,,,,,,,,RW,Jordan Caron (6180751),Jordan Caron,6180751,2500,StL@Fla 07:30PM ET,StL,
,,,,,,,,,,RW,Erik Condra (6180740),Erik Condra,6180740,2500,Nsh@TB 07:30PM ET,TB,
,,,,,,,,,,D,Brent Regner (6180849),Brent Regner,6180849,2500,StL@Fla 07:30PM ET,Fla,
,,,,,,,,,,RW,Gabriel Bourque (6180741),Gabriel Bourque,6180741,2500,Nsh@TB 07:30PM ET,Nsh,
,,,,,,,,,,D,Michal Jordan (6180800),Michal Jordan,6180800,2500,Pit@Car 07:00PM ET,Car,
,,,,,,,,,,D,Kevin Connauton (6180867),Kevin Connauton,6180867,2500,Cgy@Ari 09:00PM ET,Ari,
,,,,,,,,,,C,Jordan Nolan (6180567),Jordan Nolan,6180567,2500,LA@NYR 07:00PM ET,LA,
,,,,,,,,,,LW,Austin Watson (6180691),Austin Watson,6180691,2500,Nsh@TB 07:30PM ET,Nsh,
,,,,,,,,,,D,Jarred Tinordi (6180868),Jarred Tinordi,6180868,2500,Cgy@Ari 09:00PM ET,Ari,
,,,,,,,,,,D,Mark Pysyk (6180773),Mark Pysyk,6180773,2500,Mon@Buf 07:00PM ET,Buf,
,,,,,,,,,,C,Quinton Howden (6180625),Quinton Howden,6180625,2500,StL@Fla 07:30PM ET,Fla,
,,,,,,,,,,LW,Johan Larsson (6180653),Johan Larsson,6180653,2500,Mon@Buf 07:00PM ET,Buf,
,,,,,,,,,,RW,Bryan Rust (6180729),Bryan Rust,6180729,2500,Pit@Car 07:00PM ET,Pit,
,,,,,,,,,,RW,Tom Kuhnhackl (6180730),Tom Kuhnhackl,6180730,2500,Pit@Car 07:00PM ET,Pit,
,,,,,,,,,,D,Petter Granberg (6180835),Petter Granberg,6180835,2500,Nsh@TB 07:30PM ET,Nsh,
,,,,,,,,,,RW,Chris Wagner (6180734),Chris Wagner,6180734,2500,Col@Det 07:30PM ET,Col,
,,,,,,,,,,D,Anthony Bitetto (6180836),Anthony Bitetto,6180836,2500,Nsh@TB 07:30PM ET,Nsh,
,,,,,,,,,,C,Ben Street (6180596),Ben Street,6180596,2500,Col@Det 07:30PM ET,Col,
,,,,,,,,,,C,Brad Malone (6180581),Brad Malone,6180581,2500,Pit@Car 07:00PM ET,Car,
,,,,,,,,,,LW,Nicolas Deslauriers (6180654),Nicolas Deslauriers,6180654,2500,Mon@Buf 07:00PM ET,Buf,
,,,,,,,,,,LW,Garrett Wilson (6180701),Garrett Wilson,6180701,2500,StL@Fla 07:30PM ET,Fla,
,,,,,,,,,,RW,Tomas Jurco (6180736),Tomas Jurco,6180736,2500,Col@Det 07:30PM ET,Det,
,,,,,,,,,,RW,Dmitrij Jaskin (6180753),Dmitrij Jaskin,6180753,2500,StL@Fla 07:30PM ET,StL,
,,,,,,,,,,D,Joel Edmundson (6180854),Joel Edmundson,6180854,2500,StL@Fla 07:30PM ET,StL,
,,,,,,,,,,RW,Miikka Salomaki (6180743),Miikka Salomaki,6180743,2500,Nsh@TB 07:30PM ET,Nsh,
,,,,,,,,,,LW,Lucas Lessio (6180655),Lucas Lessio,6180655,2500,Mon@Buf 07:00PM ET,Mon,
,,,,,,,,,,RW,Logan Shaw (6180754),Logan Shaw,6180754,2500,StL@Fla 07:30PM ET,Fla,
,,,,,,,,,,C,Daniel Catenacci (6180555),Daniel Catenacci,6180555,2500,Mon@Buf 07:00PM ET,Buf,
,,,,,,,,,,D,Klas Dahlbeck (6180871),Klas Dahlbeck,6180871,2500,Cgy@Ari 09:00PM ET,Ari,
,,,,,,,,,,LW,Andy Andreoff (6180667),Andy Andreoff,6180667,2500,LA@NYR 07:00PM ET,LA,
,,,,,,,,,,C,Nick Shore (6180571),Nick Shore,6180571,2500,LA@NYR 07:00PM ET,LA,
,,,,,,,,,,D,Nikita Nesterov (6180838),Nikita Nesterov,6180838,2500,Nsh@TB 07:30PM ET,TB,
,,,,,,,,,,D,Alexey Marchenko (6180823),Alexey Marchenko,6180823,2500,Col@Det 07:30PM ET,Det,
,,,,,,,,,,LW,Scott Wilson (6180675),Scott Wilson,6180675,2500,Pit@Car 07:00PM ET,Pit,
,,,,,,,,,,D,Greg Pateryn (6180776),Greg Pateryn,6180776,2500,Mon@Buf 07:00PM ET,Mon,
,,,,,,,,,,C,Jeremy Welsh (6180628),Jeremy Welsh,6180628,2500,StL@Fla 07:30PM ET,StL,
,,,,,,,,,,C,Luke Glendening (6180597),Luke Glendening,6180597,2500,Col@Det 07:30PM ET,Det,
,,,,,,,,,,LW,Brock McGinn (6180677),Brock McGinn,6180677,2500,Pit@Car 07:00PM ET,Car,
,,,,,,,,,,C,Oskar Sundqvist (6180584),Oskar Sundqvist,6180584,2500,Pit@Car 07:00PM ET,Pit,
,,,,,,,,,,C,Cedric Paquette (6180614),Cedric Paquette,6180614,2500,Nsh@TB 07:30PM ET,TB,
,,,,,,,,,,D,Andrej Sustr (6180840),Andrej Sustr,6180840,2500,Nsh@TB 07:30PM ET,TB,
,,,,,,,,,,C,Corban Knight (6180629),Corban Knight,6180629,2500,StL@Fla 07:30PM ET,Fla,
,,,,,,,,,,RW,Sven Andrighetto (6180716),Sven Andrighetto,6180716,2500,Mon@Buf 07:00PM ET,Mon,
,,,,,,,,,,D,Chris Bigras (6180825),Chris Bigras,6180825,2500,Col@Det 07:30PM ET,Col,
,,,,,,,,,,LW,Jacob De La Rose (6180656),Jacob De La Rose,6180656,2500,Mon@Buf 07:00PM ET,Mon,
,,,,,,,,,,RW,Justin Bailey (6180717),Justin Bailey,6180717,2500,Mon@Buf 07:00PM ET,Buf,
,,,,,,,,,,RW,Joel Vermin (6180746),Joel Vermin,6180746,2500,Nsh@TB 07:30PM ET,TB,
,,,,,,,,,,C,Tyler Gaudet (6180644),Tyler Gaudet,6180644,2500,Cgy@Ari 09:00PM ET,Ari,
,,,,,,,,,,LW,Conor Sheary (6180678),Conor Sheary,6180678,2500,Pit@Car 07:00PM ET,Pit,
,,,,,,,,,,LW,Andreas Martinsen (6180688),Andreas Martinsen,6180688,2500,Col@Det 07:30PM ET,Col,
,,,,,,,,,,D,Jakub Nakladal (6180872),Jakub Nakladal,6180872,2500,Cgy@Ari 09:00PM ET,Cgy,
,,,,,,,,,,LW,Sergei Plotnikov (6180679),Sergei Plotnikov,6180679,2500,Pit@Car 07:00PM ET,Pit,
