PG,SG,SF,PF,C,G,F,UTIL,,Position,Name + ID, Name, ID, Salary,GameInfo,TeamAbbrev 
,,,,,,,,,PF,DeMarcus Cousins (6135360),DeMarcus Cousins,6135360,11100,Chi@Sac 10:00PM ET,Sac,
,,,,,,,,,PG,Russell Westbrook (6135208),Russell Westbrook,6135208,11000,Orl@OKC 08:00PM ET,OKC,
,,,,,,,,,PG,Stephen Curry (6135191),Stephen Curry,6135191,10700,GS@Was 08:00PM ET,GS,
,,,,,,,,,SF,Kevin Durant (6135340),Kevin Durant,6135340,10400,Orl@OKC 08:00PM ET,OKC,
,,,,,,,,,SF,LeBron James (6135330),LeBron James,6135330,9700,Cle@Cha 07:00PM ET,Cle,
,,,,,,,,,PG,Chris Paul (6135169),Chris Paul,6135169,9600,Min@LAC 10:30PM ET,LAC,
,,,,,,,,,PF,Anthony Davis (6135351),Anthony Davis,6135351,9500,NO@SA 08:30PM ET,NO,
,,,,,,,,,PG,John Wall (6135192),John Wall,6135192,9300,GS@Was 08:00PM ET,Was,
,,,,,,,,,PF,Draymond Green (6135393),Draymond Green,6135393,9000,GS@Was 08:00PM ET,GS,
,,,,,,,,,SG,Jimmy Butler (6135229),Jimmy Butler,6135229,8800,Chi@Sac 10:00PM ET,Chi,
,,,,,,,,,C,Pau Gasol (6135424),Pau Gasol,6135424,8700,Chi@Sac 10:00PM ET,Chi,
,,,,,,,,,PF,Blake Griffin (6135373),Blake Griffin,6135373,8600,Min@LAC 10:30PM ET,LAC,
,,,,,,,,,C,Andre Drummond (6135445),Andre Drummond,6135445,8600,Det@Bos 07:30PM ET,Det,
,,,,,,,,,PG,Kemba Walker (6135196),Kemba Walker,6135196,8500,Cle@Cha 07:00PM ET,Cha,
,,,,,,,,,SF,Paul George (6135293),Paul George,6135293,8500,Ind@Bkn 07:30PM ET,Ind,
,,,,,,,,,PG,Rajon Rondo (6135157),Rajon Rondo,6135157,8400,Chi@Sac 10:00PM ET,Sac,
,,,,,,,,,C,Karl-Anthony Towns (6135440),Karl-Anthony Towns,6135440,8200,Min@LAC 10:30PM ET,Min,
,,,,,,,,,PF,Paul Millsap (6135365),Paul Millsap,6135365,8100,Atl@Phi 07:00PM ET,Atl,
,,,,,,,,,SF,Kawhi Leonard (6135287),Kawhi Leonard,6135287,8000,NO@SA 08:30PM ET,SA,
,,,,,,,,,C,DeAndre Jordan (6135436),DeAndre Jordan,6135436,7900,Min@LAC 10:30PM ET,LAC,
,,,,,,,,,PF,Chris Bosh (6135402),Chris Bosh,6135402,7700,Mia@Dal 08:30PM ET,Mia,
,,,,,,,,,PF,Kevin Love (6135398),Kevin Love,6135398,7600,Cle@Cha 07:00PM ET,Cle,
,,,,,,,,,C,Brook Lopez (6135420),Brook Lopez,6135420,7500,Ind@Bkn 07:30PM ET,Bkn,
,,,,,,,,,PG,Isaiah Thomas (6135175),Isaiah Thomas,6135175,7500,Det@Bos 07:30PM ET,Bos,
,,,,,,,,,SG,Klay Thompson (6135261),Klay Thompson,6135261,7500,GS@Was 08:00PM ET,GS,
,,,,,,,,,SF,Gordon Hayward (6135323),Gordon Hayward,6135323,7500,Den@Uta 09:00PM ET,Uta,
,,,,,,,,,C,Nikola Vucevic (6135470),Nikola Vucevic,6135470,7400,Orl@OKC 08:00PM ET,Orl,
,,,,,,,,,C,Hassan Whiteside (6135467),Hassan Whiteside,6135467,7400,Mia@Dal 08:30PM ET,Mia,
,,,,,,,,,SG,Dwyane Wade (6135270),Dwyane Wade,6135270,7300,Mia@Dal 08:30PM ET,Mia,
,,,,,,,,,SF,Rudy Gay (6135299),Rudy Gay,6135299,7200,Chi@Sac 10:00PM ET,Sac,
,,,,,,,,,PG,Ish Smith (6135161),Ish Smith,6135161,7100,Atl@Phi 07:00PM ET,Phi,
,,,,,,,,,PF,LaMarcus Aldridge (6135349),LaMarcus Aldridge,6135349,7000,NO@SA 08:30PM ET,SA,
,,,,,,,,,PG,Jrue Holiday (6135149),Jrue Holiday,6135149,7000,NO@SA 08:30PM ET,NO,
,,,,,,,,,SG,Monta Ellis (6135220),Monta Ellis,6135220,6900,Ind@Bkn 07:30PM ET,Ind,
,,,,,,,,,SG,Tyreke Evans (6135217),Tyreke Evans,6135217,6900,NO@SA 08:30PM ET,NO,
,,,,,,,,,PF,Derrick Favors (6135387),Derrick Favors,6135387,6900,Den@Uta 09:00PM ET,Uta,
,,,,,,,,,C,Rudy Gobert (6135448),Rudy Gobert,6135448,6900,Den@Uta 09:00PM ET,Uta,
,,,,,,,,,SF,Chandler Parsons (6135336),Chandler Parsons,6135336,6800,Mia@Dal 08:30PM ET,Dal,
,,,,,,,,,SF,Danilo Gallinari (6135321),Danilo Gallinari,6135321,6800,Den@Uta 09:00PM ET,Den,
,,,,,,,,,PG,Reggie Jackson (6135176),Reggie Jackson,6135176,6800,Det@Bos 07:30PM ET,Det,
,,,,,,,,,PG,Kyrie Irving (6135199),Kyrie Irving,6135199,6800,Cle@Cha 07:00PM ET,Cle,
,,,,,,,,,PF,Nerlens Noel (6135369),Nerlens Noel,6135369,6800,Atl@Phi 07:00PM ET,Phi,
,,,,,,,,,C,Marcin Gortat (6135453),Marcin Gortat,6135453,6700,GS@Was 08:00PM ET,Was,
,,,,,,,,,C,Al Horford (6135430),Al Horford,6135430,6600,Atl@Phi 07:00PM ET,Atl,
,,,,,,,,,SF,Nicolas Batum (6135331),Nicolas Batum,6135331,6600,Cle@Cha 07:00PM ET,Cha,
,,,,,,,,,PG,Ricky Rubio (6135170),Ricky Rubio,6135170,6500,Min@LAC 10:30PM ET,Min,
,,,,,,,,,SG,Victor Oladipo (6135280),Victor Oladipo,6135280,6500,Orl@OKC 08:00PM ET,Orl,
,,,,,,,,,PF,Ryan Anderson (6135350),Ryan Anderson,6135350,6400,NO@SA 08:30PM ET,NO,
,,,,,,,,,PG,Jarrett Jack (6135151),Jarrett Jack,6135151,6300,Ind@Bkn 07:30PM ET,Bkn,
,,,,,,,,,SG,Andrew Wiggins (6135242),Andrew Wiggins,6135242,6300,Min@LAC 10:30PM ET,Min,
,,,,,,,,,C,Myles Turner (6135423),Myles Turner,6135423,6300,Ind@Bkn 07:30PM ET,Ind,
,,,,,,,,,SF,Robert Covington (6135306),Robert Covington,6135306,6200,Atl@Phi 07:00PM ET,Phi,
,,,,,,,,,PF,Dirk Nowitzki (6135400),Dirk Nowitzki,6135400,6100,Mia@Dal 08:30PM ET,Dal,
,,,,,,,,,PF,Thaddeus Young (6135352),Thaddeus Young,6135352,6100,Ind@Bkn 07:30PM ET,Bkn,
,,,,,,,,,SG,Bradley Beal (6135264),Bradley Beal,6135264,6100,GS@Was 08:00PM ET,Was,
,,,,,,,,,C,Jahlil Okafor (6135435),Jahlil Okafor,6135435,6100,Atl@Phi 07:00PM ET,Phi,
,,,,,,,,,C,Zaza Pachulia (6135465),Zaza Pachulia,6135465,6000,Mia@Dal 08:30PM ET,Dal,
,,,,,,,,,PG,Derrick Rose (6135159),Derrick Rose,6135159,6000,Chi@Sac 10:00PM ET,Chi,
,,,,,,,,,SF,Jae Crowder (6135318),Jae Crowder,6135318,6000,Det@Bos 07:30PM ET,Bos,
,,,,,,,,,SF,Tobias Harris (6135343),Tobias Harris,6135343,6000,Orl@OKC 08:00PM ET,Orl,
,,,,,,,,,SG,Rodney Hood (6135255),Rodney Hood,6135255,6000,Den@Uta 09:00PM ET,Uta,
,,,,,,,,,PG,Jeff Teague (6135162),Jeff Teague,6135162,5900,Atl@Phi 07:00PM ET,Atl,
,,,,,,,,,PG,Norris Cole (6135147),Norris Cole,6135147,5800,NO@SA 08:30PM ET,NO,
,,,,,,,,,PF,Serge Ibaka (6135410),Serge Ibaka,6135410,5800,Orl@OKC 08:00PM ET,OKC,
,,,,,,,,,PG,Deron Williams (6135202),Deron Williams,6135202,5700,Mia@Dal 08:30PM ET,Dal,
,,,,,,,,,C,Al Jefferson (6135457),Al Jefferson,6135457,5700,Cle@Cha 07:00PM ET,Cha,
,,,,,,,,,PF,Kenneth Faried (6135386),Kenneth Faried,6135386,5700,Den@Uta 09:00PM ET,Den,
,,,,,,,,,SG,Avery Bradley (6135245),Avery Bradley,6135245,5700,Det@Bos 07:30PM ET,Bos,
,,,,,,,,,SG,Will Barton (6135253),Will Barton,6135253,5700,Den@Uta 09:00PM ET,Den,
,,,,,,,,,C,Gorgui Dieng (6135439),Gorgui Dieng,6135439,5700,Min@LAC 10:30PM ET,Min,
,,,,,,,,,SF,Otto Porter (6135327),Otto Porter,6135327,5700,GS@Was 08:00PM ET,Was,
,,,,,,,,,C,Nikola Jokic (6135451),Nikola Jokic,6135451,5700,Den@Uta 09:00PM ET,Den,
,,,,,,,,,PF,Marvin Williams (6135396),Marvin Williams,6135396,5600,Cle@Cha 07:00PM ET,Cha,
,,,,,,,,,PF,Taj Gibson (6135358),Taj Gibson,6135358,5600,Chi@Sac 10:00PM ET,Chi,
,,,,,,,,,SF,Omri Casspi (6135300),Omri Casspi,6135300,5600,Chi@Sac 10:00PM ET,Sac,
,,,,,,,,,SG,Kentavious Caldwell-Pope (6135247),Kentavious Caldwell-Pope,6135247,5600,Det@Bos 07:30PM ET,Det,
,,,,,,,,,PG,Elfrid Payton (6135211),Elfrid Payton,6135211,5600,Orl@OKC 08:00PM ET,Orl,
,,,,,,,,,PG,George Hill (6135152),George Hill,6135152,5500,Ind@Bkn 07:30PM ET,Ind,
,,,,,,,,,PF,Ersan Ilyasova (6135379),Ersan Ilyasova,6135379,5500,Det@Bos 07:30PM ET,Det,
,,,,,,,,,SF,Wilson Chandler (6135320),Wilson Chandler,6135320,5500,Den@Uta 09:00PM ET,Den,
,,,,,,,,,PF,Jordan Hill (6135353),Jordan Hill,6135353,5500,Ind@Bkn 07:30PM ET,Ind,
,,,,,,,,,PG,Goran Dragic (6135205),Goran Dragic,6135205,5500,Mia@Dal 08:30PM ET,Mia,
,,,,,,,,,SG,J.R. Smith (6135266),J.R. Smith,6135266,5400,Cle@Cha 07:00PM ET,Cle,
,,,,,,,,,C,Joakim Noah (6135425),Joakim Noah,6135425,5400,Chi@Sac 10:00PM ET,Chi,
,,,,,,,,,PG,Jeremy Lin (6135195),Jeremy Lin,6135195,5400,Cle@Cha 07:00PM ET,Cha,
,,,,,,,,,SF,Marcus Morris (6135316),Marcus Morris,6135316,5400,Det@Bos 07:30PM ET,Det,
,,,,,,,,,PF,Tristan Thompson (6135399),Tristan Thompson,6135399,5400,Cle@Cha 07:00PM ET,Cle,
,,,,,,,,,PG,Marcus Smart (6135179),Marcus Smart,6135179,5400,Det@Bos 07:30PM ET,Bos,
,,,,,,,,,SF,Aaron Gordon (6135345),Aaron Gordon,6135345,5400,Orl@OKC 08:00PM ET,Orl,
,,,,,,,,,PG,Emmanuel Mudiay (6135187),Emmanuel Mudiay,6135187,5400,Den@Uta 09:00PM ET,Den,
,,,,,,,,,PF,Nikola Mirotic (6135363),Nikola Mirotic,6135363,5300,Chi@Sac 10:00PM ET,Chi,
,,,,,,,,,C,Willie Cauley-Stein (6135427),Willie Cauley-Stein,6135427,5300,Chi@Sac 10:00PM ET,Sac,
,,,,,,,,,PG,Zach LaVine (6135172),Zach LaVine,6135172,5300,Min@LAC 10:30PM ET,Min,
,,,,,,,,,SF,Kent Bazemore (6135305),Kent Bazemore,6135305,5200,Atl@Phi 07:00PM ET,Atl,
,,,,,,,,,C,Jared Sullinger (6135444),Jared Sullinger,6135444,5200,Det@Bos 07:30PM ET,Bos,
,,,,,,,,,PG,Tony Parker (6135145),Tony Parker,6135145,5100,NO@SA 08:30PM ET,SA,
,,,,,,,,,SG,J.J. Redick (6135239),J.J. Redick,6135239,5100,Min@LAC 10:30PM ET,LAC,
,,,,,,,,,PF,Amir Johnson (6135380),Amir Johnson,6135380,5100,Det@Bos 07:30PM ET,Bos,
,,,,,,,,,C,Spencer Hawes (6135460),Spencer Hawes,6135460,5100,Cle@Cha 07:00PM ET,Cha,
,,,,,,,,,C,Enes Kanter (6135471),Enes Kanter,6135471,5100,Orl@OKC 08:00PM ET,OKC,
,,,,,,,,,C,Tim Duncan (6135413),Tim Duncan,6135413,5000,NO@SA 08:30PM ET,SA,
,,,,,,,,,C,Ian Mahinmi (6135418),Ian Mahinmi,6135418,5000,Ind@Bkn 07:30PM ET,Ind,
,,,,,,,,,C,Cody Zeller (6135462),Cody Zeller,6135462,5000,Cle@Cha 07:00PM ET,Cha,
,,,,,,,,,PG,Dennis Schroder (6135167),Dennis Schroder,6135167,5000,Atl@Phi 07:00PM ET,Atl,
,,,,,,,,,SF,Luol Deng (6135334),Luol Deng,6135334,4900,Mia@Dal 08:30PM ET,Mia,
,,,,,,,,,SF,Joe Johnson (6135290),Joe Johnson,6135290,4800,Ind@Bkn 07:30PM ET,Bkn,
,,,,,,,,,PG,J.J. Barea (6135203),J.J. Barea,6135203,4800,Mia@Dal 08:30PM ET,Dal,
,,,,,,,,,SG,Wesley Matthews (6135273),Wesley Matthews,6135273,4800,Mia@Dal 08:30PM ET,Dal,
,,,,,,,,,SG,Evan Turner (6135244),Evan Turner,6135244,4800,Det@Bos 07:30PM ET,Bos,
,,,,,,,,,C,Kelly Olynyk (6135443),Kelly Olynyk,6135443,4800,Det@Bos 07:30PM ET,Bos,
,,,,,,,,,SF,Jared Dudley (6135325),Jared Dudley,6135325,4700,GS@Was 08:00PM ET,Was,
,,,,,,,,,SG,Garrett Temple (6135259),Garrett Temple,6135259,4700,GS@Was 08:00PM ET,Was,
,,,,,,,,,SF,Harrison Barnes (6135326),Harrison Barnes,6135326,4700,GS@Was 08:00PM ET,GS,
,,,,,,,,,SG,Evan Fournier (6135281),Evan Fournier,6135281,4700,Orl@OKC 08:00PM ET,Orl,
,,,,,,,,,SG,Jamal Crawford (6135237),Jamal Crawford,6135237,4600,Min@LAC 10:30PM ET,LAC,
,,,,,,,,,PF,Amar'e Stoudemire (6135401),Amar'e Stoudemire,6135401,4600,Mia@Dal 08:30PM ET,Mia,
,,,,,,,,,PG,Darren Collison (6135158),Darren Collison,6135158,4600,Chi@Sac 10:00PM ET,Sac,
,,,,,,,,,SG,Eric Gordon (6135216),Eric Gordon,6135216,4600,NO@SA 08:30PM ET,NO,
,,,,,,,,,SG,Dion Waiters (6135279),Dion Waiters,6135279,4600,Orl@OKC 08:00PM ET,OKC,
,,,,,,,,,SF,Jerami Grant (6135308),Jerami Grant,6135308,4600,Atl@Phi 07:00PM ET,Phi,
,,,,,,,,,SG,Rondae Hollis-Jefferson (6135225),Rondae Hollis-Jefferson,6135225,4600,Ind@Bkn 07:30PM ET,Bkn,
,,,,,,,,,SG,Kyle Korver (6135231),Kyle Korver,6135231,4500,Atl@Phi 07:00PM ET,Atl,
,,,,,,,,,PF,Nene Hilario (6135390),Nene Hilario,6135390,4500,GS@Was 08:00PM ET,Was,
,,,,,,,,,SF,Andre Iguodala (6135324),Andre Iguodala,6135324,4500,GS@Was 08:00PM ET,GS,
,,,,,,,,,SG,Raymond Felton (6135271),Raymond Felton,6135271,4500,Mia@Dal 08:30PM ET,Dal,
,,,,,,,,,C,Andrew Bogut (6135452),Andrew Bogut,6135452,4500,GS@Was 08:00PM ET,GS,
,,,,,,,,,SG,Jeremy Lamb (6135269),Jeremy Lamb,6135269,4500,Cle@Cha 07:00PM ET,Cha,
,,,,,,,,,SF,Michael Kidd-Gilchrist (6135332),Michael Kidd-Gilchrist,6135332,4500,Cle@Cha 07:00PM ET,Cha,
,,,,,,,,,SG,Gary Harris (6135256),Gary Harris,6135256,4500,Den@Uta 09:00PM ET,Den,
,,,,,,,,,PG,Donald Sloan (6135153),Donald Sloan,6135153,4400,Ind@Bkn 07:30PM ET,Bkn,
,,,,,,,,,SF,Justise Winslow (6135338),Justise Winslow,6135338,4400,Mia@Dal 08:30PM ET,Mia,
,,,,,,,,,SF,Stanley Johnson (6135319),Stanley Johnson,6135319,4400,Det@Bos 07:30PM ET,Det,
,,,,,,,,,SG,Manu Ginobili (6135213),Manu Ginobili,6135213,4300,NO@SA 08:30PM ET,SA,
,,,,,,,,,SG,Danny Green (6135215),Danny Green,6135215,4300,NO@SA 08:30PM ET,SA,
,,,,,,,,,SG,Marco Belinelli (6135226),Marco Belinelli,6135226,4300,Chi@Sac 10:00PM ET,Sac,
,,,,,,,,,PG,Trey Burke (6135184),Trey Burke,6135184,4300,Den@Uta 09:00PM ET,Uta,
,,,,,,,,,C,Steven Adams (6135473),Steven Adams,6135473,4300,Orl@OKC 08:00PM ET,OKC,
,,,,,,,,,SF,Shabazz Muhammad (6135314),Shabazz Muhammad,6135314,4300,Min@LAC 10:30PM ET,Min,
,,,,,,,,,SF,Wesley Johnson (6135311),Wesley Johnson,6135311,4200,Min@LAC 10:30PM ET,LAC,
,,,,,,,,,PG,Isaiah Canaan (6135164),Isaiah Canaan,6135164,4200,Atl@Phi 07:00PM ET,Phi,
,,,,,,,,,SG,Alec Burks (6135252),Alec Burks,6135252,4200,Den@Uta 09:00PM ET,Uta,
,,,,,,,,,SG,Bryce Dejean-Jones (6135218),Bryce Dejean-Jones,6135218,4200,NO@SA 08:30PM ET,NO,
,,,,,,,,,PF,David West (6135347),David West,6135347,4100,NO@SA 08:30PM ET,SA,
,,,,,,,,,SG,Rodney Stuckey (6135219),Rodney Stuckey,6135219,4100,Ind@Bkn 07:30PM ET,Ind,
,,,,,,,,,PG,Jameer Nelson (6135181),Jameer Nelson,6135181,4000,Den@Uta 09:00PM ET,Den,
,,,,,,,,,SF,Alonzo Gee (6135284),Alonzo Gee,6135284,4000,NO@SA 08:30PM ET,NO,
,,,,,,,,,SG,Wayne Ellington (6135221),Wayne Ellington,6135221,4000,Ind@Bkn 07:30PM ET,Bkn,
,,,,,,,,,PF,Trevor Booker (6135384),Trevor Booker,6135384,4000,Den@Uta 09:00PM ET,Uta,
,,,,,,,,,C,Kosta Koufos (6135426),Kosta Koufos,6135426,4000,Chi@Sac 10:00PM ET,Sac,
,,,,,,,,,PG,Brandon Jennings (6135177),Brandon Jennings,6135177,4000,Det@Bos 07:30PM ET,Det,
,,,,,,,,,PG,Matthew Dellavedova (6135198),Matthew Dellavedova,6135198,4000,Cle@Cha 07:00PM ET,Cle,
,,,,,,,,,PG,Shane Larkin (6135154),Shane Larkin,6135154,4000,Ind@Bkn 07:30PM ET,Bkn,
,,,,,,,,,PF,Bobby Portis (6135364),Bobby Portis,6135364,4000,Chi@Sac 10:00PM ET,Chi,
,,,,,,,,,PG,Ramon Sessions (6135190),Ramon Sessions,6135190,3900,GS@Was 08:00PM ET,Was,
,,,,,,,,,SG,Gerald Green (6135272),Gerald Green,6135272,3900,Mia@Dal 08:30PM ET,Mia,
,,,,,,,,,SF,C.J. Miles (6135291),C.J. Miles,6135291,3900,Ind@Bkn 07:30PM ET,Ind,
,,,,,,,,,SF,Thabo Sefolosha (6135304),Thabo Sefolosha,6135304,3900,Atl@Phi 07:00PM ET,Atl,
,,,,,,,,,PF,Darrell Arthur (6135383),Darrell Arthur,6135383,3900,Den@Uta 09:00PM ET,Den,
,,,,,,,,,SG,Tyler Johnson (6135275),Tyler Johnson,6135275,3900,Mia@Dal 08:30PM ET,Mia,
,,,,,,,,,SG,Ben McLemore (6135230),Ben McLemore,6135230,3900,Chi@Sac 10:00PM ET,Sac,
,,,,,,,,,C,Frank Kaminsky (6135463),Frank Kaminsky,6135463,3900,Cle@Cha 07:00PM ET,Cha,
,,,,,,,,,SG,Hollis Thompson (6135234),Hollis Thompson,6135234,3800,Atl@Phi 07:00PM ET,Phi,
,,,,,,,,,C,Boban Marjanovic (6135417),Boban Marjanovic,6135417,3800,NO@SA 08:30PM ET,SA,
,,,,,,,,,SF,Paul Pierce (6135309),Paul Pierce,6135309,3700,Min@LAC 10:30PM ET,LAC,
,,,,,,,,,PF,Boris Diaw (6135348),Boris Diaw,6135348,3700,NO@SA 08:30PM ET,SA,
,,,,,,,,,PG,Aaron Brooks (6135156),Aaron Brooks,6135156,3700,Chi@Sac 10:00PM ET,Chi,
,,,,,,,,,C,Lavoy Allen (6135421),Lavoy Allen,6135421,3700,Ind@Bkn 07:30PM ET,Ind,
,,,,,,,,,PG,Patty Mills (6135148),Patty Mills,6135148,3700,NO@SA 08:30PM ET,SA,
,,,,,,,,,C,Festus Ezeli (6135456),Festus Ezeli,6135456,3700,GS@Was 08:00PM ET,GS,
,,,,,,,,,SF,P.J. Hairston (6135333),P.J. Hairston,6135333,3700,Cle@Cha 07:00PM ET,Cha,
,,,,,,,,,SG,Nik Stauskas (6135236),Nik Stauskas,6135236,3700,Atl@Phi 07:00PM ET,Phi,
,,,,,,,,,SG,E'Twaun Moore (6135227),E'Twaun Moore,6135227,3600,Chi@Sac 10:00PM ET,Chi,
,,,,,,,,,C,Omer Asik (6135416),Omer Asik,6135416,3600,NO@SA 08:30PM ET,NO,
,,,,,,,,,PG,Troy Daniels (6135197),Troy Daniels,6135197,3600,Cle@Cha 07:00PM ET,Cha,
,,,,,,,,,SG,Bojan Bogdanovic (6135224),Bojan Bogdanovic,6135224,3600,Ind@Bkn 07:30PM ET,Bkn,
,,,,,,,,,PG,Cameron Payne (6135212),Cameron Payne,6135212,3600,Orl@OKC 08:00PM ET,OKC,
,,,,,,,,,C,Jusuf Nurkic (6135450),Jusuf Nurkic,6135450,3600,Den@Uta 09:00PM ET,Den,
,,,,,,,,,PG,Kirk Hinrich (6135155),Kirk Hinrich,6135155,3500,Chi@Sac 10:00PM ET,Chi,
,,,,,,,,,PG,Randy Foye (6135182),Randy Foye,6135182,3500,Den@Uta 09:00PM ET,Den,
,,,,,,,,,PG,Shaun Livingston (6135189),Shaun Livingston,6135189,3500,GS@Was 08:00PM ET,GS,
,,,,,,,,,PG,Beno Udrih (6135204),Beno Udrih,6135204,3500,Mia@Dal 08:30PM ET,Mia,
,,,,,,,,,PG,Toney Douglas (6135146),Toney Douglas,6135146,3500,NO@SA 08:30PM ET,NO,
,,,,,,,,,PG,Brian Roberts (6135194),Brian Roberts,6135194,3500,Cle@Cha 07:00PM ET,Cha,
,,,,,,,,,C,Aron Baynes (6135441),Aron Baynes,6135441,3500,Det@Bos 07:30PM ET,Det,
,,,,,,,,,PF,Mike Scott (6135367),Mike Scott,6135367,3500,Atl@Phi 07:00PM ET,Atl,
,,,,,,,,,C,Cole Aldrich (6135437),Cole Aldrich,6135437,3500,Min@LAC 10:30PM ET,LAC,
,,,,,,,,,SG,Iman Shumpert (6135267),Iman Shumpert,6135267,3500,Cle@Cha 07:00PM ET,Cle,
,,,,,,,,,PG,Devin Harris (6135201),Devin Harris,6135201,3400,Mia@Dal 08:30PM ET,Dal,
,,,,,,,,,PF,Kris Humphries (6135391),Kris Humphries,6135391,3400,GS@Was 08:00PM ET,Was,
,,,,,,,,,PG,T.J. McConnell (6135165),T.J. McConnell,6135165,3400,Atl@Phi 07:00PM ET,Phi,
,,,,,,,,,PF,Dwight Powell (6135406),Dwight Powell,6135406,3400,Mia@Dal 08:30PM ET,Dal,
,,,,,,,,,PF,David Lee (6135376),David Lee,6135376,3300,Det@Bos 07:30PM ET,Bos,
,,,,,,,,,SG,Kevin Martin (6135238),Kevin Martin,6135238,3300,Min@LAC 10:30PM ET,Min,
,,,,,,,,,SG,Gary Neal (6135258),Gary Neal,6135258,3300,GS@Was 08:00PM ET,Was,
,,,,,,,,,C,Marreese Speights (6135454),Marreese Speights,6135454,3300,GS@Was 08:00PM ET,GS,
,,,,,,,,,C,Alexis Ajinca (6135415),Alexis Ajinca,6135415,3300,NO@SA 08:30PM ET,NO,
,,,,,,,,,SF,Tony Snell (6135301),Tony Snell,6135301,3300,Chi@Sac 10:00PM ET,Chi,
,,,,,,,,,C,Timofey Mozgov (6135461),Timofey Mozgov,6135461,3300,Cle@Cha 07:00PM ET,Cle,
,,,,,,,,,SF,Doug McDermott (6135303),Doug McDermott,6135303,3300,Chi@Sac 10:00PM ET,Chi,
,,,,,,,,,SG,Austin Rivers (6135241),Austin Rivers,6135241,3300,Min@LAC 10:30PM ET,LAC,
,,,,,,,,,PG,Raul Neto (6135185),Raul Neto,6135185,3300,Den@Uta 09:00PM ET,Uta,
,,,,,,,,,PG,Mo Williams (6135193),Mo Williams,6135193,3200,Cle@Cha 07:00PM ET,Cle,
,,,,,,,,,PF,Channing Frye (6135408),Channing Frye,6135408,3200,Orl@OKC 08:00PM ET,Orl,
,,,,,,,,,PF,Anthony Tolliver (6135377),Anthony Tolliver,6135377,3200,Det@Bos 07:30PM ET,Det,
,,,,,,,,,SG,Brandon Rush (6135260),Brandon Rush,6135260,3200,GS@Was 08:00PM ET,GS,
,,,,,,,,,C,Andrea Bargnani (6135419),Andrea Bargnani,6135419,3200,Ind@Bkn 07:30PM ET,Bkn,
,,,,,,,,,C,JaVale McGee (6135466),JaVale McGee,6135466,3200,Mia@Dal 08:30PM ET,Dal,
,,,,,,,,,SF,Lance Stephenson (6135312),Lance Stephenson,6135312,3200,Min@LAC 10:30PM ET,LAC,
,,,,,,,,,PF,Nemanja Bjelica (6135374),Nemanja Bjelica,6135374,3200,Min@LAC 10:30PM ET,Min,
,,,,,,,,,PG,Pablo Prigioni (6135171),Pablo Prigioni,6135171,3200,Min@LAC 10:30PM ET,LAC,
,,,,,,,,,C,Nick Collison (6135469),Nick Collison,6135469,3100,Orl@OKC 08:00PM ET,OKC,
,,,,,,,,,PF,Drew Gooden (6135389),Drew Gooden,6135389,3100,GS@Was 08:00PM ET,Was,
,,,,,,,,,SF,Tayshaun Prince (6135310),Tayshaun Prince,6135310,3100,Min@LAC 10:30PM ET,Min,
,,,,,,,,,PG,Leandro Barbosa (6135188),Leandro Barbosa,6135188,3100,GS@Was 08:00PM ET,GS,
,,,,,,,,,PF,Charlie Villanueva (6135404),Charlie Villanueva,6135404,3100,Mia@Dal 08:30PM ET,Dal,
,,,,,,,,,PF,Jason Smith (6135409),Jason Smith,6135409,3100,Orl@OKC 08:00PM ET,Orl,
,,,,,,,,,PF,Luc Richard Mbah a Moute (6135372),Luc Richard Mbah a Moute,6135372,3100,Min@LAC 10:30PM ET,LAC,
,,,,,,,,,SF,Dante Cunningham (6135283),Dante Cunningham,6135283,3100,NO@SA 08:30PM ET,NO,
,,,,,,,,,PF,Tyler Hansbrough (6135397),Tyler Hansbrough,6135397,3100,Cle@Cha 07:00PM ET,Cha,
,,,,,,,,,PF,Josh McRoberts (6135405),Josh McRoberts,6135405,3100,Mia@Dal 08:30PM ET,Mia,
,,,,,,,,,C,Tiago Splitter (6135431),Tiago Splitter,6135431,3100,Atl@Phi 07:00PM ET,Atl,
,,,,,,,,,SF,Kyle Singler (6135341),Kyle Singler,6135341,3100,Orl@OKC 08:00PM ET,OKC,
,,,,,,,,,C,Nikola Pekovic (6135438),Nikola Pekovic,6135438,3100,Min@LAC 10:30PM ET,Min,
,,,,,,,,,SF,Chris Johnson (6135322),Chris Johnson,6135322,3100,Den@Uta 09:00PM ET,Uta,
,,,,,,,,,PF,Quincy Acy (6135359),Quincy Acy,6135359,3100,Chi@Sac 10:00PM ET,Sac,
,,,,,,,,,PF,Jonas Jerebko (6135381),Jonas Jerebko,6135381,3100,Det@Bos 07:30PM ET,Bos,
,,,,,,,,,SF,Solomon Hill (6135294),Solomon Hill,6135294,3100,Ind@Bkn 07:30PM ET,Ind,
,,,,,,,,,C,Mike Muscala (6135432),Mike Muscala,6135432,3100,Atl@Phi 07:00PM ET,Atl,
,,,,,,,,,SG,Andre Roberson (6135278),Andre Roberson,6135278,3100,Orl@OKC 08:00PM ET,OKC,
,,,,,,,,,SG,Tim Hardaway Jr. (6135235),Tim Hardaway Jr.,6135235,3100,Atl@Phi 07:00PM ET,Atl,
,,,,,,,,,PG,Shabazz Napier (6135209),Shabazz Napier,6135209,3100,Orl@OKC 08:00PM ET,Orl,
,,,,,,,,,SG,Joe Ingles (6135254),Joe Ingles,6135254,3100,Den@Uta 09:00PM ET,Uta,
,,,,,,,,,SF,Jonathon Simmons (6135288),Jonathon Simmons,6135288,3100,NO@SA 08:30PM ET,SA,
,,,,,,,,,SG,Joe Young (6135223),Joe Young,6135223,3100,Ind@Bkn 07:30PM ET,Ind,
,,,,,,,,,C,Salah Mejri (6135468),Salah Mejri,6135468,3100,Mia@Dal 08:30PM ET,Dal,
,,,,,,,,,PF,Richaun Holmes (6135368),Richaun Holmes,6135368,3100,Atl@Phi 07:00PM ET,Phi,
,,,,,,,,,SF,Kyle Anderson (6135289),Kyle Anderson,6135289,3100,NO@SA 08:30PM ET,SA,
,,,,,,,,,C,Joffrey Lauvergne (6135449),Joffrey Lauvergne,6135449,3100,Den@Uta 09:00PM ET,Den,
,,,,,,,,,SG,Mario Hezonja (6135282),Mario Hezonja,6135282,3100,Orl@OKC 08:00PM ET,Orl,
,,,,,,,,,PF,Trey Lyles (6135388),Trey Lyles,6135388,3100,Den@Uta 09:00PM ET,Uta,
,,,,,,,,,PF,Kevin Garnett (6135370),Kevin Garnett,6135370,3000,Min@LAC 10:30PM ET,Min,
,,,,,,,,,C,Elton Brand (6135429),Elton Brand,6135429,3000,Atl@Phi 07:00PM ET,Phi,
,,,,,,,,,PG,Andre Miller (6135168),Andre Miller,6135168,3000,Min@LAC 10:30PM ET,Min,
,,,,,,,,,SG,Mike Miller (6135250),Mike Miller,6135250,3000,Den@Uta 09:00PM ET,Den,
,,,,,,,,,SF,Richard Jefferson (6135329),Richard Jefferson,6135329,3000,Cle@Cha 07:00PM ET,Cle,
,,,,,,,,,PF,Matt Bonner (6135346),Matt Bonner,6135346,3000,NO@SA 08:30PM ET,SA,
,,,,,,,,,PG,Steve Blake (6135174),Steve Blake,6135174,3000,Det@Bos 07:30PM ET,Det,
,,,,,,,,,SG,James Jones (6135265),James Jones,6135265,3000,Cle@Cha 07:00PM ET,Cle,
,,,,,,,,,SG,Alan Anderson (6135257),Alan Anderson,6135257,3000,GS@Was 08:00PM ET,Was,
,,,,,,,,,C,Chris Andersen (6135464),Chris Andersen,6135464,3000,Mia@Dal 08:30PM ET,Mia,
,,,,,,,,,SF,Caron Butler (6135297),Caron Butler,6135297,3000,Chi@Sac 10:00PM ET,Sac,
,,,,,,,,,SG,Rasual Butler (6135214),Rasual Butler,6135214,3000,NO@SA 08:30PM ET,SA,
,,,,,,,,,SF,Mike Dunleavy (6135298),Mike Dunleavy,6135298,3000,Chi@Sac 10:00PM ET,Chi,
,,,,,,,,,SF,Steve Novak (6135339),Steve Novak,6135339,3000,Orl@OKC 08:00PM ET,OKC,
,,,,,,,,,PG,C.J. Watson (6135206),C.J. Watson,6135206,3000,Orl@OKC 08:00PM ET,Orl,
,,,,,,,,,C,Kendrick Perkins (6135414),Kendrick Perkins,6135414,3000,NO@SA 08:30PM ET,NO,
,,,,,,,,,PF,Udonis Haslem (6135403),Udonis Haslem,6135403,3000,Mia@Dal 08:30PM ET,Mia,
,,,,,,,,,C,Anderson Varejao (6135458),Anderson Varejao,6135458,3000,Cle@Cha 07:00PM ET,Cle,
,,,,,,,,,PF,Carl Landry (6135366),Carl Landry,6135366,3000,Atl@Phi 07:00PM ET,Phi,
,,,,,,,,,C,Sasha Kaun (6135459),Sasha Kaun,6135459,3000,Cle@Cha 07:00PM ET,Cle,
,,,,,,,,,SG,Anthony Morrow (6135277),Anthony Morrow,6135277,3000,Orl@OKC 08:00PM ET,OKC,
,,,,,,,,,PF,Joel Anthony (6135378),Joel Anthony,6135378,3000,Det@Bos 07:30PM ET,Det,
,,,,,,,,,PF,Jason Thompson (6135392),Jason Thompson,6135392,3000,GS@Was 08:00PM ET,GS,
,,,,,,,,,PF,Jeff Ayres (6135371),Jeff Ayres,6135371,3000,Min@LAC 10:30PM ET,LAC,
,,,,,,,,,PG,D.J. Augustin (6135207),D.J. Augustin,6135207,3000,Orl@OKC 08:00PM ET,OKC,
,,,,,,,,,SF,Chase Budinger (6135292),Chase Budinger,6135292,3000,Ind@Bkn 07:30PM ET,Ind,
,,,,,,,,,SF,Quincy Pondexter (6135285),Quincy Pondexter,6135285,3000,NO@SA 08:30PM ET,NO,
,,,,,,,,,SG,Jodie Meeks (6135243),Jodie Meeks,6135243,3000,Det@Bos 07:30PM ET,Det,
,,,,,,,,,SF,Jeremy Evans (6135335),Jeremy Evans,6135335,3000,Mia@Dal 08:30PM ET,Dal,
,,,,,,,,,SG,Justin Holiday (6135232),Justin Holiday,6135232,3000,Atl@Phi 07:00PM ET,Atl,
,,,,,,,,,SG,James Anderson (6135228),James Anderson,6135228,3000,Chi@Sac 10:00PM ET,Sac,
,,,,,,,,,PF,J.J. Hickson (6135385),J.J. Hickson,6135385,3000,Den@Uta 09:00PM ET,Den,
,,,,,,,,,C,DeJuan Blair (6135455),DeJuan Blair,6135455,3000,GS@Was 08:00PM ET,Was,
,,,,,,,,,C,Jeff Withey (6135446),Jeff Withey,6135446,3000,Den@Uta 09:00PM ET,Uta,
,,,,,,,,,SF,Luke Babbitt (6135286),Luke Babbitt,6135286,3000,NO@SA 08:30PM ET,NO,
,,,,,,,,,C,Tyler Zeller (6135442),Tyler Zeller,6135442,3000,Det@Bos 07:30PM ET,Bos,
,,,,,,,,,PF,Andrew Nicholson (6135411),Andrew Nicholson,6135411,3000,Orl@OKC 08:00PM ET,Orl,
,,,,,,,,,PG,Seth Curry (6135160),Seth Curry,6135160,3000,Chi@Sac 10:00PM ET,Sac,
,,,,,,,,,PF,Willie Reed (6135354),Willie Reed,6135354,3000,Ind@Bkn 07:30PM ET,Bkn,
,,,,,,,,,PG,Shelvin Mack (6135163),Shelvin Mack,6135163,3000,Atl@Phi 07:00PM ET,Atl,
,,,,,,,,,SG,Ian Clark (6135262),Ian Clark,6135262,3000,GS@Was 08:00PM ET,GS,
,,,,,,,,,SG,Lamar Patterson (6135233),Lamar Patterson,6135233,3000,Atl@Phi 07:00PM ET,Atl,
,,,,,,,,,C,Shayne Whittington (6135422),Shayne Whittington,6135422,3000,Ind@Bkn 07:30PM ET,Ind,
,,,,,,,,,SG,C.J. Wilcox (6135240),C.J. Wilcox,6135240,3000,Min@LAC 10:30PM ET,LAC,
,,,,,,,,,SG,John Jenkins (6135274),John Jenkins,6135274,3000,Mia@Dal 08:30PM ET,Dal,
,,,,,,,,,PG,Erick Green (6135183),Erick Green,6135183,3000,Den@Uta 09:00PM ET,Uta,
,,,,,,,,,SG,Sean Kilpatrick (6135251),Sean Kilpatrick,6135251,3000,Den@Uta 09:00PM ET,Den,
,,,,,,,,,PF,Thomas Robinson (6135355),Thomas Robinson,6135355,3000,Ind@Bkn 07:30PM ET,Bkn,
,,,,,,,,,SG,Jared Cunningham (6135268),Jared Cunningham,6135268,3000,Cle@Cha 07:00PM ET,Cle,
,,,,,,,,,C,Tibor Pleiss (6135447),Tibor Pleiss,6135447,3000,Den@Uta 09:00PM ET,Uta,
,,,,,,,,,PF,Cameron Bairstow (6135361),Cameron Bairstow,6135361,3000,Chi@Sac 10:00PM ET,Chi,
,,,,,,,,,SF,Duje Dukan (6135302),Duje Dukan,6135302,3000,Chi@Sac 10:00PM ET,Sac,
,,,,,,,,,SG,Jarell Eddie (6135263),Jarell Eddie,6135263,3000,GS@Was 08:00PM ET,Was,
,,,,,,,,,SF,Josh Huestis (6135342),Josh Huestis,6135342,3000,Orl@OKC 08:00PM ET,OKC,
,,,,,,,,,PG,Kendall Marshall (6135166),Kendall Marshall,6135166,3000,Atl@Phi 07:00PM ET,Phi,
,,,,,,,,,SF,Reggie Bullock (6135317),Reggie Bullock,6135317,3000,Det@Bos 07:30PM ET,Det,
,,,,,,,,,SG,Markel Brown (6135222),Markel Brown,6135222,3000,Ind@Bkn 07:30PM ET,Bkn,
,,,,,,,,,PF,Eric Moreland (6135362),Eric Moreland,6135362,3000,Chi@Sac 10:00PM ET,Sac,
,,,,,,,,,SF,Devyn Marble (6135344),Devyn Marble,6135344,3000,Orl@OKC 08:00PM ET,Orl,
,,,,,,,,,PF,Adreian Payne (6135375),Adreian Payne,6135375,3000,Min@LAC 10:30PM ET,Min,
,,,,,,,,,PG,Keith Appling (6135210),Keith Appling,6135210,3000,Orl@OKC 08:00PM ET,Orl,
,,,,,,,,,PG,Ray McCallum (6135150),Ray McCallum,6135150,3000,NO@SA 08:30PM ET,SA,
,,,,,,,,,SG,Darrun Hilliard (6135246),Darrun Hilliard,6135246,3000,Det@Bos 07:30PM ET,Det,
,,,,,,,,,PG,Spencer Dinwiddie (6135178),Spencer Dinwiddie,6135178,3000,Det@Bos 07:30PM ET,Det,
,,,,,,,,,SG,Josh Richardson (6135276),Josh Richardson,6135276,3000,Mia@Dal 08:30PM ET,Mia,
,,,,,,,,,C,Dewayne Dedmon (6135472),Dewayne Dedmon,6135472,3000,Orl@OKC 08:00PM ET,Orl,
,,,,,,,,,SF,Branden Dawson (6135313),Branden Dawson,6135313,3000,Min@LAC 10:30PM ET,LAC,
,,,,,,,,,PF,James Michael McAdoo (6135394),James Michael McAdoo,6135394,3000,GS@Was 08:00PM ET,GS,
,,,,,,,,,PF,Rakeem Christmas (6135356),Rakeem Christmas,6135356,3000,Ind@Bkn 07:30PM ET,Ind,
,,,,,,,,,SF,Jakarr Sampson (6135307),Jakarr Sampson,6135307,3000,Atl@Phi 07:00PM ET,Phi,
,,,,,,,,,PF,Jarnell Stokes (6135407),Jarnell Stokes,6135407,3000,Mia@Dal 08:30PM ET,Mia,
,,,,,,,,,SF,Sergey Karasev (6135295),Sergey Karasev,6135295,3000,Ind@Bkn 07:30PM ET,Bkn,
,,,,,,,,,SG,R.J. Hunter (6135248),R.J. Hunter,6135248,3000,Det@Bos 07:30PM ET,Bos,
,,,,,,,,,SF,Justin Anderson (6135337),Justin Anderson,6135337,3000,Mia@Dal 08:30PM ET,Dal,
,,,,,,,,,SF,Glenn Robinson III (6135296),Glenn Robinson III,6135296,3000,Ind@Bkn 07:30PM ET,Ind,
,,,,,,,,,PF,Mitch McGary (6135412),Mitch McGary,6135412,3000,Orl@OKC 08:00PM ET,OKC,
,,,,,,,,,PF,Jordan Mickey (6135382),Jordan Mickey,6135382,3000,Det@Bos 07:30PM ET,Bos,
,,,,,,,,,PG,Terry Rozier (6135180),Terry Rozier,6135180,3000,Det@Bos 07:30PM ET,Bos,
,,,,,,,,,SG,James Young (6135249),James Young,6135249,3000,Det@Bos 07:30PM ET,Bos,
,,,,,,,,,PG,Aaron Harrison (6135200),Aaron Harrison,6135200,3000,Cle@Cha 07:00PM ET,Cha,
,,,,,,,,,C,Joel Embiid (6135433),Joel Embiid,6135433,3000,Atl@Phi 07:00PM ET,Phi,
,,,,,,,,,PG,Danté Exum (6135186),Danté Exum,6135186,3000,Den@Uta 09:00PM ET,Uta,
,,,,,,,,,C,Walter Tavares (6135434),Walter Tavares,6135434,3000,Atl@Phi 07:00PM ET,Atl,
,,,,,,,,,SF,Damjan Rudez (6135315),Damjan Rudez,6135315,3000,Min@LAC 10:30PM ET,Min,
,,,,,,,,,C,Cristiano Felicio (6135428),Cristiano Felicio,6135428,3000,Chi@Sac 10:00PM ET,Chi,
,,,,,,,,,PG,Tyus Jones (6135173),Tyus Jones,6135173,3000,Min@LAC 10:30PM ET,Min,
,,,,,,,,,SF,Kelly Oubre Jr. (6135328),Kelly Oubre Jr.,6135328,3000,GS@Was 08:00PM ET,Was,
,,,,,,,,,PF,Kevon Looney (6135395),Kevon Looney,6135395,3000,GS@Was 08:00PM ET,GS,
,,,,,,,,,PF,Chris McCullough (6135357),Chris McCullough,6135357,3000,Ind@Bkn 07:30PM ET,Bkn,
