PG,SG,SF,PF,C,G,F,UTIL,,Position,Name + ID, Name, ID, Salary,GameInfo,TeamAbbrev 
,,,,,,,,,PG,Stephen Curry (6123636),Stephen Curry,6123636,10700,GS@NY 07:30PM ET,GS,
,,,,,,,,,PG,Chris Paul (6123622),Chris Paul,6123622,9600,Chi@LAC 03:30PM ET,LAC,
,,,,,,,,,PG,Damian Lillard (6123644),Damian Lillard,6123644,9200,Min@Por 09:00PM ET,Por,
,,,,,,,,,SG,Jimmy Butler (6123664),Jimmy Butler,6123664,8900,Chi@LAC 03:30PM ET,Chi,
,,,,,,,,,C,Pau Gasol (6123793),Pau Gasol,6123793,8800,Chi@LAC 03:30PM ET,Chi,
,,,,,,,,,PF,Draymond Green (6123762),Draymond Green,6123762,8800,GS@NY 07:30PM ET,GS,
,,,,,,,,,PG,Kemba Walker (6123615),Kemba Walker,6123615,8700,Cha@LAL 09:30PM ET,Cha,
,,,,,,,,,PF,Blake Griffin (6123749),Blake Griffin,6123749,8600,Chi@LAC 03:30PM ET,LAC,
,,,,,,,,,SF,Carmelo Anthony (6123714),Carmelo Anthony,6123714,8300,GS@NY 07:30PM ET,NY,
,,,,,,,,,SG,Eric Bledsoe (6123683),Eric Bledsoe,6123683,8300,Pho@Dal 07:00PM ET,Pho,
,,,,,,,,,PF,Paul Millsap (6123737),Paul Millsap,6123737,8200,Atl@Mia 06:00PM ET,Atl,
,,,,,,,,,PF,Chris Bosh (6123735),Chris Bosh,6123735,7700,Atl@Mia 06:00PM ET,Mia,
,,,,,,,,,C,DeAndre Jordan (6123795),DeAndre Jordan,6123795,7700,Chi@LAC 03:30PM ET,LAC,
,,,,,,,,,C,Nikola Vucevic (6123798),Nikola Vucevic,6123798,7600,Bos@Orl 06:00PM ET,Orl,
,,,,,,,,,PG,Isaiah Thomas (6123627),Isaiah Thomas,6123627,7500,Bos@Orl 06:00PM ET,Bos,
,,,,,,,,,C,Hassan Whiteside (6123783),Hassan Whiteside,6123783,7500,Atl@Mia 06:00PM ET,Mia,
,,,,,,,,,C,Karl-Anthony Towns (6123817),Karl-Anthony Towns,6123817,7400,Min@Por 09:00PM ET,Min,
,,,,,,,,,SG,Klay Thompson (6123677),Klay Thompson,6123677,7300,GS@NY 07:30PM ET,GS,
,,,,,,,,,SG,C.J. McCollum (6123690),C.J. McCollum,6123690,7200,Min@Por 09:00PM ET,Por,
,,,,,,,,,PG,Brandon Knight (6123642),Brandon Knight,6123642,7200,Pho@Dal 07:00PM ET,Pho,
,,,,,,,,,PF,Kristaps Porzingis (6123767),Kristaps Porzingis,6123767,7100,GS@NY 07:30PM ET,NY,
,,,,,,,,,SG,Dwyane Wade (6123650),Dwyane Wade,6123650,7000,Atl@Mia 06:00PM ET,Mia,
,,,,,,,,,SF,Chandler Parsons (6123723),Chandler Parsons,6123723,6900,Pho@Dal 07:00PM ET,Dal,
,,,,,,,,,SF,Nicolas Batum (6123698),Nicolas Batum,6123698,6800,Cha@LAL 09:30PM ET,Cha,
,,,,,,,,,C,Al Horford (6123781),Al Horford,6123781,6700,Atl@Mia 06:00PM ET,Atl,
,,,,,,,,,SG,Victor Oladipo (6123669),Victor Oladipo,6123669,6600,Bos@Orl 06:00PM ET,Orl,
,,,,,,,,,PF,Dirk Nowitzki (6123768),Dirk Nowitzki,6123768,6300,Pho@Dal 07:00PM ET,Dal,
,,,,,,,,,SG,Andrew Wiggins (6123692),Andrew Wiggins,6123692,6200,Min@Por 09:00PM ET,Min,
,,,,,,,,,PG,Ricky Rubio (6123645),Ricky Rubio,6123645,6100,Min@Por 09:00PM ET,Min,
,,,,,,,,,SF,Jae Crowder (6123710),Jae Crowder,6123710,6100,Bos@Orl 06:00PM ET,Bos,
,,,,,,,,,SF,Tobias Harris (6123711),Tobias Harris,6123711,6100,Bos@Orl 06:00PM ET,Orl,
,,,,,,,,,PF,Julius Randle (6123745),Julius Randle,6123745,6100,Cha@LAL 09:30PM ET,LAL,
,,,,,,,,,PG,Derrick Rose (6123624),Derrick Rose,6123624,6000,Chi@LAC 03:30PM ET,Chi,
,,,,,,,,,PG,Deron Williams (6123640),Deron Williams,6123640,5900,Pho@Dal 07:00PM ET,Dal,
,,,,,,,,,SG,Lou Williams (6123659),Lou Williams,6123659,5900,Cha@LAL 09:30PM ET,LAL,
,,,,,,,,,C,Zaza Pachulia (6123808),Zaza Pachulia,6123808,5800,Pho@Dal 07:00PM ET,Dal,
,,,,,,,,,PG,Elfrid Payton (6123630),Elfrid Payton,6123630,5800,Bos@Orl 06:00PM ET,Orl,
,,,,,,,,,SG,Archie Goodwin (6123686),Archie Goodwin,6123686,5800,Pho@Dal 07:00PM ET,Pho,
,,,,,,,,,C,Al Jefferson (6123786),Al Jefferson,6123786,5700,Cha@LAL 09:30PM ET,Cha,
,,,,,,,,,SG,Avery Bradley (6123668),Avery Bradley,6123668,5700,Bos@Orl 06:00PM ET,Bos,
,,,,,,,,,PG,Jordan Clarkson (6123617),Jordan Clarkson,6123617,5700,Cha@LAL 09:30PM ET,LAL,
,,,,,,,,,PF,Taj Gibson (6123748),Taj Gibson,6123748,5600,Chi@LAC 03:30PM ET,Chi,
,,,,,,,,,PG,Jeff Teague (6123609),Jeff Teague,6123609,5500,Atl@Mia 06:00PM ET,Atl,
,,,,,,,,,PG,Goran Dragic (6123610),Goran Dragic,6123610,5500,Atl@Mia 06:00PM ET,Mia,
,,,,,,,,,C,Mason Plumlee (6123814),Mason Plumlee,6123814,5500,Min@Por 09:00PM ET,Por,
,,,,,,,,,C,Jared Sullinger (6123801),Jared Sullinger,6123801,5500,Bos@Orl 06:00PM ET,Bos,
,,,,,,,,,SG,Devin Booker (6123687),Devin Booker,6123687,5500,Pho@Dal 07:00PM ET,Pho,
,,,,,,,,,SG,Kobe Bryant (6123657),Kobe Bryant,6123657,5400,Cha@LAL 09:30PM ET,LAL,
,,,,,,,,,C,Joakim Noah (6123794),Joakim Noah,6123794,5400,Chi@LAC 03:30PM ET,Chi,
,,,,,,,,,PG,Jeremy Lin (6123614),Jeremy Lin,6123614,5400,Cha@LAL 09:30PM ET,Cha,
,,,,,,,,,SF,Kent Bazemore (6123695),Kent Bazemore,6123695,5400,Atl@Mia 06:00PM ET,Atl,
,,,,,,,,,SF,P.J. Tucker (6123721),P.J. Tucker,6123721,5300,Pho@Dal 07:00PM ET,Pho,
,,,,,,,,,PF,Nikola Mirotic (6123751),Nikola Mirotic,6123751,5300,Chi@LAC 03:30PM ET,Chi,
,,,,,,,,,PF,Marvin Williams (6123742),Marvin Williams,6123742,5200,Cha@LAL 09:30PM ET,Cha,
,,,,,,,,,C,Spencer Hawes (6123788),Spencer Hawes,6123788,5200,Cha@LAL 09:30PM ET,Cha,
,,,,,,,,,SF,Derrick Williams (6123717),Derrick Williams,6123717,5200,GS@NY 07:30PM ET,NY,
,,,,,,,,,PG,Marcus Smart (6123631),Marcus Smart,6123631,5200,Bos@Orl 06:00PM ET,Bos,
,,,,,,,,,PG,Zach LaVine (6123647),Zach LaVine,6123647,5200,Min@Por 09:00PM ET,Min,
,,,,,,,,,SG,J.J. Redick (6123662),J.J. Redick,6123662,5100,Chi@LAC 03:30PM ET,LAC,
,,,,,,,,,SG,Arron Afflalo (6123675),Arron Afflalo,6123675,5100,GS@NY 07:30PM ET,NY,
,,,,,,,,,PF,Amir Johnson (6123756),Amir Johnson,6123756,5100,Bos@Orl 06:00PM ET,Bos,
,,,,,,,,,SF,Aaron Gordon (6123713),Aaron Gordon,6123713,5100,Bos@Orl 06:00PM ET,Orl,
,,,,,,,,,C,Kelly Olynyk (6123800),Kelly Olynyk,6123800,5000,Bos@Orl 06:00PM ET,Bos,
,,,,,,,,,C,Gorgui Dieng (6123816),Gorgui Dieng,6123816,5000,Min@Por 09:00PM ET,Min,
,,,,,,,,,C,Cody Zeller (6123791),Cody Zeller,6123791,5000,Cha@LAL 09:30PM ET,Cha,
,,,,,,,,,C,Alex Len (6123811),Alex Len,6123811,5000,Pho@Dal 07:00PM ET,Pho,
,,,,,,,,,SG,Evan Fournier (6123670),Evan Fournier,6123670,5000,Bos@Orl 06:00PM ET,Orl,
,,,,,,,,,PG,Dennis Schroder (6123612),Dennis Schroder,6123612,5000,Atl@Mia 06:00PM ET,Atl,
,,,,,,,,,PG,D'Angelo Russell (6123620),D'Angelo Russell,6123620,5000,Cha@LAL 09:30PM ET,LAL,
,,,,,,,,,C,Tyson Chandler (6123807),Tyson Chandler,6123807,4900,Pho@Dal 07:00PM ET,Pho,
,,,,,,,,,SG,Wesley Matthews (6123681),Wesley Matthews,6123681,4900,Pho@Dal 07:00PM ET,Dal,
,,,,,,,,,SF,Al-Farouq Aminu (6123728),Al-Farouq Aminu,6123728,4900,Min@Por 09:00PM ET,Por,
,,,,,,,,,SG,Evan Turner (6123667),Evan Turner,6123667,4800,Bos@Orl 06:00PM ET,Bos,
,,,,,,,,,PF,Markieff Morris (6123771),Markieff Morris,6123771,4800,Pho@Dal 07:00PM ET,Pho,
,,,,,,,,,SF,Harrison Barnes (6123718),Harrison Barnes,6123718,4800,GS@NY 07:30PM ET,GS,
,,,,,,,,,SF,Luol Deng (6123693),Luol Deng,6123693,4700,Atl@Mia 06:00PM ET,Mia,
,,,,,,,,,C,Robin Lopez (6123804),Robin Lopez,6123804,4700,GS@NY 07:30PM ET,NY,
,,,,,,,,,SF,Andre Iguodala (6123715),Andre Iguodala,6123715,4600,GS@NY 07:30PM ET,GS,
,,,,,,,,,C,Andrew Bogut (6123803),Andrew Bogut,6123803,4500,GS@NY 07:30PM ET,GS,
,,,,,,,,,SG,Langston Galloway (6123679),Langston Galloway,6123679,4500,GS@NY 07:30PM ET,NY,
,,,,,,,,,SG,Jeremy Lamb (6123660),Jeremy Lamb,6123660,4500,Cha@LAL 09:30PM ET,Cha,
,,,,,,,,,SF,Shabazz Muhammad (6123731),Shabazz Muhammad,6123731,4500,Min@Por 09:00PM ET,Min,
,,,,,,,,,SG,Kyle Korver (6123649),Kyle Korver,6123649,4400,Atl@Mia 06:00PM ET,Atl,
,,,,,,,,,SG,Tyler Johnson (6123655),Tyler Johnson,6123655,4400,Atl@Mia 06:00PM ET,Mia,
,,,,,,,,,PF,Larry Nance Jr. (6123744),Larry Nance Jr.,6123744,4400,Cha@LAL 09:30PM ET,LAL,
,,,,,,,,,SF,Justise Winslow (6123696),Justise Winslow,6123696,4400,Atl@Mia 06:00PM ET,Mia,
,,,,,,,,,SG,Jamal Crawford (6123661),Jamal Crawford,6123661,4300,Chi@LAC 03:30PM ET,LAC,
,,,,,,,,,PF,Amar'e Stoudemire (6123734),Amar'e Stoudemire,6123734,4200,Atl@Mia 06:00PM ET,Mia,
,,,,,,,,,PG,J.J. Barea (6123641),J.J. Barea,6123641,4200,Pho@Dal 07:00PM ET,Dal,
,,,,,,,,,SG,Gerald Green (6123651),Gerald Green,6123651,4200,Atl@Mia 06:00PM ET,Mia,
,,,,,,,,,SF,Wesley Johnson (6123705),Wesley Johnson,6123705,4200,Chi@LAC 03:30PM ET,LAC,
,,,,,,,,,SF,Mirza Teletovic (6123724),Mirza Teletovic,6123724,4200,Pho@Dal 07:00PM ET,Pho,
,,,,,,,,,SG,Raymond Felton (6123680),Raymond Felton,6123680,4100,Pho@Dal 07:00PM ET,Dal,
,,,,,,,,,PG,Jose Calderon (6123635),Jose Calderon,6123635,4100,GS@NY 07:30PM ET,NY,
,,,,,,,,,PF,Jon Leuer (6123770),Jon Leuer,6123770,4100,Pho@Dal 07:00PM ET,Pho,
,,,,,,,,,PF,Ed Davis (6123775),Ed Davis,6123775,4100,Min@Por 09:00PM ET,Por,
,,,,,,,,,SG,Allen Crabbe (6123691),Allen Crabbe,6123691,4100,Min@Por 09:00PM ET,Por,
,,,,,,,,,PG,Aaron Brooks (6123623),Aaron Brooks,6123623,4000,Chi@LAC 03:30PM ET,Chi,
,,,,,,,,,C,Roy Hibbert (6123787),Roy Hibbert,6123787,4000,Cha@LAL 09:30PM ET,LAL,
,,,,,,,,,C,Meyers Leonard (6123815),Meyers Leonard,6123815,4000,Min@Por 09:00PM ET,Por,
,,,,,,,,,C,Frank Kaminsky (6123792),Frank Kaminsky,6123792,4000,Cha@LAL 09:30PM ET,Cha,
,,,,,,,,,SF,T.J. Warren (6123725),T.J. Warren,6123725,4000,Pho@Dal 07:00PM ET,Pho,
,,,,,,,,,PF,Brandon Bass (6123741),Brandon Bass,6123741,3900,Cha@LAL 09:30PM ET,LAL,
,,,,,,,,,SF,Thabo Sefolosha (6123694),Thabo Sefolosha,6123694,3900,Atl@Mia 06:00PM ET,Atl,
,,,,,,,,,PF,Bobby Portis (6123752),Bobby Portis,6123752,3900,Chi@LAC 03:30PM ET,Chi,
,,,,,,,,,SF,Paul Pierce (6123703),Paul Pierce,6123703,3800,Chi@LAC 03:30PM ET,LAC,
,,,,,,,,,PG,Beno Udrih (6123608),Beno Udrih,6123608,3800,Atl@Mia 06:00PM ET,Mia,
,,,,,,,,,SF,Lance Thomas (6123716),Lance Thomas,6123716,3800,GS@NY 07:30PM ET,NY,
,,,,,,,,,C,Festus Ezeli (6123806),Festus Ezeli,6123806,3700,GS@NY 07:30PM ET,GS,
,,,,,,,,,SF,Michael Kidd-Gilchrist (6123701),Michael Kidd-Gilchrist,6123701,3700,Cha@LAL 09:30PM ET,Cha,
,,,,,,,,,SF,P.J. Hairston (6123702),P.J. Hairston,6123702,3700,Cha@LAL 09:30PM ET,Cha,
,,,,,,,,,PG,Kirk Hinrich (6123621),Kirk Hinrich,6123621,3600,Chi@LAC 03:30PM ET,Chi,
,,,,,,,,,PF,Mike Scott (6123739),Mike Scott,6123739,3600,Atl@Mia 06:00PM ET,Atl,
,,,,,,,,,PG,Shaun Livingston (6123634),Shaun Livingston,6123634,3500,GS@NY 07:30PM ET,GS,
,,,,,,,,,C,Cole Aldrich (6123796),Cole Aldrich,6123796,3500,Chi@LAC 03:30PM ET,LAC,
,,,,,,,,,PF,Dwight Powell (6123773),Dwight Powell,6123773,3500,Pho@Dal 07:00PM ET,Dal,
,,,,,,,,,PF,Noah Vonleh (6123778),Noah Vonleh,6123778,3500,Min@Por 09:00PM ET,Por,
,,,,,,,,,SF,Tony Snell (6123707),Tony Snell,6123707,3400,Chi@LAC 03:30PM ET,Chi,
,,,,,,,,,PG,Jerian Grant (6123637),Jerian Grant,6123637,3400,GS@NY 07:30PM ET,NY,
,,,,,,,,,C,Salah Mejri (6123810),Salah Mejri,6123810,3400,Pho@Dal 07:00PM ET,Dal,
,,,,,,,,,PF,David Lee (6123753),David Lee,6123753,3300,Bos@Orl 06:00PM ET,Bos,
,,,,,,,,,SG,Kevin Martin (6123688),Kevin Martin,6123688,3300,Min@Por 09:00PM ET,Min,
,,,,,,,,,C,Marreese Speights (6123805),Marreese Speights,6123805,3300,GS@NY 07:30PM ET,GS,
,,,,,,,,,SF,Doug McDermott (6123708),Doug McDermott,6123708,3300,Chi@LAC 03:30PM ET,Chi,
,,,,,,,,,SG,Josh Richardson (6123656),Josh Richardson,6123656,3300,Atl@Mia 06:00PM ET,Mia,
,,,,,,,,,PG,Devin Harris (6123638),Devin Harris,6123638,3200,Pho@Dal 07:00PM ET,Dal,
,,,,,,,,,PF,Channing Frye (6123754),Channing Frye,6123754,3200,Bos@Orl 06:00PM ET,Orl,
,,,,,,,,,SG,Nick Young (6123658),Nick Young,6123658,3200,Cha@LAL 09:30PM ET,LAL,
,,,,,,,,,SG,Brandon Rush (6123676),Brandon Rush,6123676,3200,GS@NY 07:30PM ET,GS,
,,,,,,,,,C,JaVale McGee (6123809),JaVale McGee,6123809,3200,Pho@Dal 07:00PM ET,Dal,
,,,,,,,,,C,Tiago Splitter (6123782),Tiago Splitter,6123782,3200,Atl@Mia 06:00PM ET,Atl,
,,,,,,,,,SG,E'Twaun Moore (6123663),E'Twaun Moore,6123663,3200,Chi@LAC 03:30PM ET,Chi,
,,,,,,,,,SF,Lance Stephenson (6123706),Lance Stephenson,6123706,3200,Chi@LAC 03:30PM ET,LAC,
,,,,,,,,,PG,Troy Daniels (6123616),Troy Daniels,6123616,3200,Cha@LAL 09:30PM ET,Cha,
,,,,,,,,,PF,Nemanja Bjelica (6123776),Nemanja Bjelica,6123776,3200,Min@Por 09:00PM ET,Min,
,,,,,,,,,PG,Pablo Prigioni (6123625),Pablo Prigioni,6123625,3200,Chi@LAC 03:30PM ET,LAC,
,,,,,,,,,SG,Austin Rivers (6123666),Austin Rivers,6123666,3200,Chi@LAC 03:30PM ET,LAC,
,,,,,,,,,SF,Tayshaun Prince (6123727),Tayshaun Prince,6123727,3100,Min@Por 09:00PM ET,Min,
,,,,,,,,,PG,Leandro Barbosa (6123633),Leandro Barbosa,6123633,3100,GS@NY 07:30PM ET,GS,
,,,,,,,,,PF,Charlie Villanueva (6123769),Charlie Villanueva,6123769,3100,Pho@Dal 07:00PM ET,Dal,
,,,,,,,,,PF,Jason Smith (6123755),Jason Smith,6123755,3100,Bos@Orl 06:00PM ET,Orl,
,,,,,,,,,PF,Luc Richard Mbah a Moute (6123747),Luc Richard Mbah a Moute,6123747,3100,Chi@LAC 03:30PM ET,LAC,
,,,,,,,,,PF,Tyler Hansbrough (6123743),Tyler Hansbrough,6123743,3100,Cha@LAL 09:30PM ET,Cha,
,,,,,,,,,SG,Gerald Henderson (6123689),Gerald Henderson,6123689,3100,Min@Por 09:00PM ET,Por,
,,,,,,,,,C,Nikola Pekovic (6123813),Nikola Pekovic,6123813,3100,Min@Por 09:00PM ET,Min,
,,,,,,,,,C,Tyler Zeller (6123799),Tyler Zeller,6123799,3100,Bos@Orl 06:00PM ET,Bos,
,,,,,,,,,PF,Andrew Nicholson (6123757),Andrew Nicholson,6123757,3100,Bos@Orl 06:00PM ET,Orl,
,,,,,,,,,PF,Jonas Jerebko (6123758),Jonas Jerebko,6123758,3100,Bos@Orl 06:00PM ET,Bos,
,,,,,,,,,SF,Ryan Kelly (6123699),Ryan Kelly,6123699,3100,Cha@LAL 09:30PM ET,LAL,
,,,,,,,,,PF,Kevin Seraphin (6123764),Kevin Seraphin,6123764,3100,GS@NY 07:30PM ET,NY,
,,,,,,,,,SG,Tim Hardaway Jr. (6123654),Tim Hardaway Jr.,6123654,3100,Atl@Mia 06:00PM ET,Atl,
,,,,,,,,,SF,Anthony Brown (6123700),Anthony Brown,6123700,3100,Cha@LAL 09:30PM ET,LAL,
,,,,,,,,,SG,Jordan McRae (6123685),Jordan McRae,6123685,3100,Pho@Dal 07:00PM ET,Pho,
,,,,,,,,,PG,Shabazz Napier (6123628),Shabazz Napier,6123628,3100,Bos@Orl 06:00PM ET,Orl,
,,,,,,,,,PF,Kevin Garnett (6123774),Kevin Garnett,6123774,3000,Min@Por 09:00PM ET,Min,
,,,,,,,,,PG,Andre Miller (6123643),Andre Miller,6123643,3000,Min@Por 09:00PM ET,Min,
,,,,,,,,,SF,Metta World Peace (6123697),Metta World Peace,6123697,3000,Cha@LAL 09:30PM ET,LAL,
,,,,,,,,,C,Chris Kaman (6123812),Chris Kaman,6123812,3000,Min@Por 09:00PM ET,Por,
,,,,,,,,,PF,Louis Amundson (6123760),Louis Amundson,6123760,3000,GS@NY 07:30PM ET,NY,
,,,,,,,,,C,Chris Andersen (6123780),Chris Andersen,6123780,3000,Atl@Mia 06:00PM ET,Mia,
,,,,,,,,,PG,Ronnie Price (6123639),Ronnie Price,6123639,3000,Pho@Dal 07:00PM ET,Pho,
,,,,,,,,,SF,Mike Dunleavy (6123704),Mike Dunleavy,6123704,3000,Chi@LAC 03:30PM ET,Chi,
,,,,,,,,,PG,C.J. Watson (6123626),C.J. Watson,6123626,3000,Bos@Orl 06:00PM ET,Orl,
,,,,,,,,,PF,Udonis Haslem (6123736),Udonis Haslem,6123736,3000,Atl@Mia 06:00PM ET,Mia,
,,,,,,,,,SG,Sasha Vujacic (6123674),Sasha Vujacic,6123674,3000,GS@NY 07:30PM ET,NY,
,,,,,,,,,PG,Brian Roberts (6123613),Brian Roberts,6123613,3000,Cha@LAL 09:30PM ET,Cha,
,,,,,,,,,PF,Jason Thompson (6123761),Jason Thompson,6123761,3000,GS@NY 07:30PM ET,GS,
,,,,,,,,,PF,Jeff Ayres (6123746),Jeff Ayres,6123746,3000,Chi@LAC 03:30PM ET,LAC,
,,,,,,,,,PF,Josh McRoberts (6123738),Josh McRoberts,6123738,3000,Atl@Mia 06:00PM ET,Mia,
,,,,,,,,,SG,Sonny Weems (6123682),Sonny Weems,6123682,3000,Pho@Dal 07:00PM ET,Pho,
,,,,,,,,,SF,Jeremy Evans (6123722),Jeremy Evans,6123722,3000,Pho@Dal 07:00PM ET,Dal,
,,,,,,,,,SG,Justin Holiday (6123652),Justin Holiday,6123652,3000,Atl@Mia 06:00PM ET,Atl,
,,,,,,,,,C,Robert Sacre (6123789),Robert Sacre,6123789,3000,Cha@LAL 09:30PM ET,LAL,
,,,,,,,,,PG,Shelvin Mack (6123611),Shelvin Mack,6123611,3000,Atl@Mia 06:00PM ET,Atl,
,,,,,,,,,PF,Kyle O'Quinn (6123763),Kyle O'Quinn,6123763,3000,GS@NY 07:30PM ET,NY,
,,,,,,,,,SG,Ian Clark (6123678),Ian Clark,6123678,3000,GS@NY 07:30PM ET,GS,
,,,,,,,,,SG,Lamar Patterson (6123653),Lamar Patterson,6123653,3000,Atl@Mia 06:00PM ET,Atl,
,,,,,,,,,SG,C.J. Wilcox (6123665),C.J. Wilcox,6123665,3000,Chi@LAC 03:30PM ET,LAC,
,,,,,,,,,SG,John Jenkins (6123684),John Jenkins,6123684,3000,Pho@Dal 07:00PM ET,Dal,
,,,,,,,,,PF,Cory Jefferson (6123772),Cory Jefferson,6123772,3000,Pho@Dal 07:00PM ET,Pho,
,,,,,,,,,PG,Tim Frazier (6123646),Tim Frazier,6123646,3000,Min@Por 09:00PM ET,Por,
,,,,,,,,,C,Mike Muscala (6123784),Mike Muscala,6123784,3000,Atl@Mia 06:00PM ET,Atl,
,,,,,,,,,PF,Cameron Bairstow (6123750),Cameron Bairstow,6123750,3000,Chi@LAC 03:30PM ET,Chi,
,,,,,,,,,C,Tarik Black (6123790),Tarik Black,6123790,3000,Cha@LAL 09:30PM ET,LAL,
,,,,,,,,,SF,Devyn Marble (6123712),Devyn Marble,6123712,3000,Bos@Orl 06:00PM ET,Orl,
,,,,,,,,,PF,Adreian Payne (6123777),Adreian Payne,6123777,3000,Min@Por 09:00PM ET,Min,
,,,,,,,,,PG,Keith Appling (6123629),Keith Appling,6123629,3000,Bos@Orl 06:00PM ET,Orl,
,,,,,,,,,PG,Marcelo Huertas (6123618),Marcelo Huertas,6123618,3000,Cha@LAL 09:30PM ET,LAL,
,,,,,,,,,SF,Pat Connaughton (6123729),Pat Connaughton,6123729,3000,Min@Por 09:00PM ET,Por,
,,,,,,,,,C,Dewayne Dedmon (6123802),Dewayne Dedmon,6123802,3000,Bos@Orl 06:00PM ET,Orl,
,,,,,,,,,SF,Branden Dawson (6123709),Branden Dawson,6123709,3000,Chi@LAC 03:30PM ET,LAC,
,,,,,,,,,PF,James Michael McAdoo (6123765),James Michael McAdoo,6123765,3000,GS@NY 07:30PM ET,GS,
,,,,,,,,,SF,Maurice Harkless (6123730),Maurice Harkless,6123730,3000,Min@Por 09:00PM ET,Por,
,,,,,,,,,PF,Jarnell Stokes (6123740),Jarnell Stokes,6123740,3000,Atl@Mia 06:00PM ET,Mia,
,,,,,,,,,SG,R.J. Hunter (6123671),R.J. Hunter,6123671,3000,Bos@Orl 06:00PM ET,Bos,
,,,,,,,,,SF,Justin Anderson (6123726),Justin Anderson,6123726,3000,Pho@Dal 07:00PM ET,Dal,
,,,,,,,,,SF,Cleanthony Early (6123719),Cleanthony Early,6123719,3000,GS@NY 07:30PM ET,NY,
,,,,,,,,,PF,Jordan Mickey (6123759),Jordan Mickey,6123759,3000,Bos@Orl 06:00PM ET,Bos,
,,,,,,,,,PG,Terry Rozier (6123632),Terry Rozier,6123632,3000,Bos@Orl 06:00PM ET,Bos,
,,,,,,,,,SG,James Young (6123672),James Young,6123672,3000,Bos@Orl 06:00PM ET,Bos,
,,,,,,,,,PG,Aaron Harrison (6123619),Aaron Harrison,6123619,3000,Cha@LAL 09:30PM ET,Cha,
,,,,,,,,,SF,Thanasis Antetokounmpo (6123720),Thanasis Antetokounmpo,6123720,3000,GS@NY 07:30PM ET,NY,
,,,,,,,,,C,Walter Tavares (6123785),Walter Tavares,6123785,3000,Atl@Mia 06:00PM ET,Atl,
,,,,,,,,,SF,Damjan Rudez (6123732),Damjan Rudez,6123732,3000,Min@Por 09:00PM ET,Min,
,,,,,,,,,C,Cristiano Felicio (6123797),Cristiano Felicio,6123797,3000,Chi@LAC 03:30PM ET,Chi,
,,,,,,,,,SG,Mario Hezonja (6123673),Mario Hezonja,6123673,3000,Bos@Orl 06:00PM ET,Orl,
,,,,,,,,,PG,Tyus Jones (6123648),Tyus Jones,6123648,3000,Min@Por 09:00PM ET,Min,
,,,,,,,,,PF,Cliff Alexander (6123779),Cliff Alexander,6123779,3000,Min@Por 09:00PM ET,Por,
,,,,,,,,,PF,Kevon Looney (6123766),Kevon Looney,6123766,3000,GS@NY 07:30PM ET,GS,
,,,,,,,,,SF,Luis Montero (6123733),Luis Montero,6123733,3000,Min@Por 09:00PM ET,Por,
